name,source,gender,wikidata,type
Amethiststraat,wikidata,,Q79058,way
Apollostraat,wikidata,,Q37340,relation+way
Berchemlei,wikidata,,Q818804,way
Berlijnstraat,wikidata,,Q64,way
Bernstraat,wikidata,,Q70,way
Boedapeststraat,wikidata,,Q1781,way
Charlottalei,wikidata,,Q15497,way
"De Merodelei",wikidata,,Q1568461,way
"Den Haaglaan",wikidata,,Q36600,way
Edelgesteentenstraat,wikidata,,Q4990682,way
Fuggerstraat,wikidata,,Q155834,way
Helsinkistraat,wikidata,,Q1757,way
"Hertog van Brabantlei",wikidata,,Q2058509,way
Kopenhagenstraat,wikidata,,Q1748,way
"Le Grellelei",wikidata,,Q13748562,way
Leuvenstraat,wikidata,,Q118958,way
Lissabonstraat,wikidata,,Q597,way
Madridstraat,wikidata,,Q2807,way
Mercuriusstraat,wikidata,,Q1150,way
Minervastraat,wikidata,,Q126916,way
Morpheusstraat,wikidata,,Q194012,way
Moskoustraat,wikidata,,Q649,way
Oslostraat,wikidata,,Q585,way
Parijslaan,wikidata,,Q90,way
Praaglaan,wikidata,,Q1085,way
Robijnstraat,wikidata,,Q43088,way
Romestraat,wikidata,,Q220,way
Ruggeveldlaan,wikidata,,Q95961727,way
Saffierstraat,wikidata,,Q127583,relation+way
Smaragdstraat,wikidata,,Q43513,way
Statiestraat,wikidata,,Q800398,way
Stockholmstraat,wikidata,,Q1754,way
Thaliastraat,wikidata,,Q108019,way
Topaasstraat,wikidata,,Q134985,way
Turkooisstraat,wikidata,,Q165254,way
"Van Praetstraat",wikidata,,Q22998597,way
"Van de Wervestraat",wikidata,,Q3280283,way
"Verenigde Natieslaan",wikidata,,Q1065,way
Viséstraat,wikidata,,Q49743,way
Waaslandtunnel,wikidata,,Q2465242,way
Warschaustraat,wikidata,,Q270,way
Wenenstraat,wikidata,,Q1741,way
Zurenborgbrug,wikidata,,Q1863253,way
's-Herenstraat,,,,way
"'t Neerhofke",,,,way
Aakstraat,,,,way
Aalbeslei,,,,way
Aalmoezenierstraat,,,,way
Aalscholverlaan,,,,way
"Aanlegsteiger Lillo",,,,way
Aarschotplaats,,,,way
Aarschotstraat,,,,way
Aartselaarstraat,,,,way
Abdijstraat,,,,way
Abelenprieel,,,,way
Abtenstraat,,,,way
Acacialaan,,,,relation
"Achter 't hof",,,,way
Achtersteveld,,,,way
Achterstraatje,,,,way
Achturendagstraat,,,,way
Adelaarstraat,,,,way
"Adelbert Kennisplein",,,,way
"Adolf Menystraat",,,,way
"Adolphe Meurissestraat",,,,way
"Aernout en Willemlaan",,,,relation
Afrikalaan,,,,way
Ahornenlaan,,,,relation
"Aimé De Graevestraat",,,,way
Akker,,,,way
Akkerbouwstraat,,,,way
Akkerwindestraat,,,,way
"Albert Bevernagelei",,,,way
"Albert Dickschenstraat",,,,way
"Albert Einsteinlaan",,,,way
"Albert Grisarstraat",,,,way
"Albert Meulemansstraat",,,,way
"Albert Spietaelslaan",,,,way
"Albrecht Rodenbachstraat",,,,way
"Alexander Farneseplein",,,,way
"Alfons Chantrainestraat",,,,way
"Alfons De Schutterstraat",,,,way
"Alfons De Vosstraat",,,,way
"Alfons Engelsstraat",,,,way
"Alfons Wellensstraat",,,,way
"Alfons Wensstraat",,,,way
"Alfred Nobellaan",,,,way
Alkstraat,,,,way
Allewaertstraat,,,,way
"Alphonse Hertogsstraat",,,,way
Alsemstraat,,,,way
"Amand De Lattinlaan",,,,way
"Amandus Geenenlaan",,,,way
Ambtmanstraat,,,,way
Amerikalei,,,,way
Amsterdamstraat,,,,way
Andernachstraat,,,,way
"André Hermanslaan",,,,way
"Angelus Roncallilaan",,,,relation
Anjelierstraat,,,,way
Ankerrui,,,,way
"Ann Salenspad",,,,way
"Anne van Dieststraat",,,,way
Anneessensstraat,,,,way
Annuntiatenstraat,,,,way
"Antoon Marstboomstraat",,,,way
"Antoon Van den Bosschelaan",,,,way
Antverpiastraat,,,,way
Antwerpsebaan,,,,way
Antwerpsesteenweg,,,,way
Apostelstraat,,,,way
Appelstraat,,,,way
Arbeidersstraat,,,,relation+way
Arenbergstraat,,,,way
Arendshoflaan,,,,way
Arendstraat,,,,way
Argentiniëlaan,,,,way
Armeduivelstraat,,,,way
Armendreef,,,,way
Armenstraatje,,,,way
"Arnold Vrancxlaan",,,,way
Arsenaalstraat,,,,way
"Arthur Goemaerelei",,,,relation
"Arthur Matthyslaan",,,,way
Artiestengang,,,,way
"Artsen zonder Grenzenstraat",,,,way
Asblok,,,,way
"Asiadok - Oostkaai",,,,way
"Asiadok Oostkaai",,,,way
Asiadok-Oostkaai,,,,way
Asiadok-Westkaai,,,,way
Asiadok-Zuidkaai,,,,way
Asterlaan,,,,way
Athenestraat,,,,way
Atlasstraat,,,,way
Atletenstraat,,,,way
Atomiumlaan,,,,way
Auditoriumlaan,,,,way
"August Leyweg",,,,way
"August Petenlei",,,,way
"August Scheyvaertslaan",,,,way
"August Van Cauwelaertlaan",,,,way
"August Van Daelstraat",,,,way
"August Van Putlei",,,,way
"August Vermeylenlaan",,,,relation+way
"Auguste Oleffestraat",,,,way
Augustijnenstraat,,,,way
Augustinessenplein,,,,way
Australiëlaan,,,,way
Auwersstraat,,,,way
Averbodestraat,,,,way
Azalealei,,,,way
Aziëlaan,,,,way
Azobéstraat,,,,way
BAM-pad,,,,way
"BASF Ingang 7",,,,way
Bacchuslaan,,,,way
Baeckelmansstraat,,,,way
Baggenstraat,,,,way
Bakkerssteegje,,,,way
Bakkerstraat,,,,way
Balansstraat,,,,way
Baljuwlaan,,,,way
Ballaarstraat,,,,way
Baltimorestraat,,,,way
Barnkrachtstraat,,,,way
"Baron D'hanislaan",,,,way
"Baron Joostensstraat",,,,way
"Baron Leroystraat",,,,way
Basseliersstraat,,,,way
Bataviastraat,,,,way
Batkinstraat,,,,way
Beddenstraat,,,,way
Bedevaartstraat,,,,way
Beeckmanslaan,,,,relation
Beeckmansstraat,,,,way
Beekstraat,,,,way
Beeldhouwersstraat,,,,relation+way
Beenakkerpad,,,,way
Beenhouwerstraat,,,,way
Beernaertstraat,,,,way
Beerschotstraat,,,,way
Begankenisplein,,,,way
Beggaardenstraat,,,,way
Begijnenstraat,,,,way
Begijnenvest,,,,way
Begijnhoeve,,,,relation
Begonialei,,,,way
Belcrownlaan,,,,way
Belegstraat,,,,way
Belfaststraat,,,,way
Belgicaplein,,,,way
Belgiëlei,,,,way
Beliweg,,,,way
Bellestraat,,,,way
Belpairestraat,,,,way
Berchemboslaan,,,,way
Berchembrug,,,,way
Berchemhofstraat,,,,way
Berchemstadionstraat,,,,way
Berendrechtbrug,,,,way
Berendrechtdijk,,,,way
Berendrechtstraat,,,,way
Berendrechtsvoetpad,,,,relation
Berendrechtweg,,,,way
"Bergen op Zoomlaan",,,,way
Bergenhoeve,,,,way
Bergenlaan,,,,way
"Bergske af",,,,way
Bergstraat,,,,way
Berkenlaan,,,,relation+way
Berkenrijslaan,,,,way
Berkenrodelei,,,,way
Berkenveldplein,,,,way
Berkenveldstraat,,,,way
Bermbeekstraat,,,,way
Bermstraat,,,,way
"Bernard De Pooterstraat",,,,way
Berthoutstraat,,,,way
Bervoetstraat,,,,way
Beschavingstraat,,,,way
Bestormingstraat,,,,way
Betogingstraat,,,,way
Beukenhofstraat,,,,way
Beukenlaan,,,,relation+way
Beukenstraat,,,,way
Bevrijdingstunnel,,,,way
Biartstraat,,,,way
Biekorfstraat,,,,way
Biesaard,,,,way
Biesheuvellaan,,,,way
Biesthoevelaan,,,,way
Biestraatje,,,,way
Bijenhofstraat,,,,way
Bijlstraat,,,,way
Bikschotelaan,,,,relation+way
Bilderdijkstraat,,,,way
Bindstraat,,,,way
Binnenpad,,,,way
Binnenplein,,,,way
"Binnenplein Den Bell",,,,way
Binnensingel,,,,way
Binnenvaartstraat,,,,way
Bisschoppenhoflaan,,,,way
Bisschopstraat,,,,way
Bist,,,,way
Bistkapellei,,,,way
Bistweg,,,,way
Blancefloerlaan,,,,way
Blarenstraat,,,,way
Blauwbroekstraat,,,,way
"Blauwe Weg",,,,way
Blauwhoefstraat,,,,way
Blauwmeeslaan,,,,relation
Blauwmoezelstraat,,,,way
Blauwtorenplein,,,,way
Blauwtorentunnel,,,,way
Bleekhofstraat,,,,way
Blijde-Inkomststraat,,,,way
Blijvoort,,,,way
Blindestraat,,,,way
Blivensstraat,,,,way
Bloemenveld,,,,way
Bloemistenstraat,,,,way
Bloemstraat,,,,way
Blokweg,,,,way
Boeierstraat,,,,way
Boekenberglei,,,,way
Boekenbergpark,,,,way
Boekenbergplein,,,,way
Boekstraat,,,,way
Boeksveldplein,,,,way
Boeksveldstraat,,,,way
Boerendijk,,,,way
Boerenkrijgplein,,,,way
Boerhaavestraat,,,,way
Boerinnestraat,,,,way
Bogaardeplein,,,,way
Bogaardestraat,,,,way
Bokspane,,,,way
Bolivartunnel,,,,way
Bollandusstraat,,,,way
Bolwerkstraat,,,,way
Bombaystraat,,,,way
Bontwerkersplaats,,,,way
Boogkeers,,,,way
Boombekelaan,,,,way
Boomgaardstraat,,,,way
Boomsesteenweg,,,,way
Boomstraat,,,,way
Boonhoek,,,,way
Booswegske,,,,way
Bordeauxstraat,,,,way
Bordink,,,,way
Borgerhoutsestraat,,,,way
Borrewaterstraat,,,,way
Borsbeeksebrug,,,,way
Borsbeeksesteenweg,,,,way
Borsbeekstraat,,,,way
Borzestraat,,,,way
Bosduifstraat,,,,way
Bosheidelaan,,,,way
Boshovestraat,,,,way
Bosmanslei,,,,way
"Bosschaert de Bouwellei",,,,way
Bosselaersstraat,,,,way
Bosstraat,,,,way
Bostonstraat,,,,way
Bosuil,,,,way
Bosuilplein,,,,way
Bosveld,,,,way
Boterbloemlaan,,,,way
Boterbloemstraat,,,,way
Boterhamstraat,,,,way
Boterhamvaartweg,,,,way
Boterlaarbaan,,,,way
Botermarkt,,,,way
Boterstraatje,,,,way
Bothastraat,,,,way
Boudewijnsstraat,,,,way
Bourcetstraat,,,,way
Bourlastraat,,,,way
Bouvaertlaan,,,,relation+way
Bouwensstraat,,,,way
Bouwhandelstraat,,,,way
Bouwkunststraat,,,,way
Bouwmeestersstraat,,,,way
Bovenplek,,,,way
"Boze Dreef",,,,way
Braambeslei,,,,way
Brabantstraat,,,,way
Braderijstraat,,,,way
Brandakkerpad,,,,way
Brandpad,,,,way
Brazilianenstraat,,,,relation+way
Braziliëstraat,,,,way
Bredabaan,,,,way
Bredastraat,,,,way
Brederodestraat,,,,way
Bredestraat,,,,relation+way
Bredeweg,,,,way
Breedsteert,,,,way
Breemheuvel,,,,way
Bremboslei,,,,way
Bremenstraat,,,,way
Bremstraat,,,,way
Bresstraat,,,,way
Briel,,,,way
Brigittijnenhof,,,,way
Brilduikerstraat,,,,way
Bristolstraat,,,,way
Britselei,,,,way
"Broeder Frederikstraat",,,,way
Broederminstraat,,,,way
Bronstraat,,,,way
Brooklynstraat,,,,way
Brouwersvliet,,,,way
Broydenborglaan,,,,way
Brugstraat,,,,way
Brusselstraat,,,,way
Buitenmolenweg,,,,way
Buizerdlaan,,,,way
Bullesteeg,,,,way
Bullinckplaats,,,,way
Bund,,,,way
Burchtgracht,,,,way
"Burchtse Weel",,,,way
"Burgemeester De Boeylaan",,,,way
"Burgemeester E. Ryckaertsplein",,,,way
"Burgemeester Eduard Waghemansbrug",,,,way
"Burgemeester Jozef Masurebrug",,,,way
"Burgemeester Jozef Nolf plein",,,,way
"Burgemeester Jozef Nolfplein",,,,way
"Burgemeester Verhulstplein",,,,way
"Burgemeester Woutersstraat",,,,way
Burgerwelzijn,,,,way
Buurtspoorweglei,,,,way
Cadetstraat,,,,way
Cadixstraat,,,,way
Calcuttastraat,,,,way
Callensstraat,,,,way
Camelialei,,,,way
Cameliastraat,,,,way
Campiniastraat,,,,way
Canadalaan,,,,way
Caravellestraat,,,,way
Cardiffstraat,,,,way
"Carel van Manderstraat",,,,way
Caronstraat,,,,way
Carrettestraat,,,,way
Catershoflaan,,,,way
"Catharina Lundenhof",,,,way
Cecilianenstraat,,,,way
Cederlaan,,,,relation+way
Cellebroedersstraat,,,,way
Ceresstraat,,,,way
Ceulemansstraat,,,,way
Ceurvorstlaan,,,,way
"Charles Philipslaan",,,,way
"Charles de Costerlaan",,,,way
Chicagostraat,,,,way
Chocoladegang,,,,way
Chrysantenstraat,,,,way
Cirkelpad,,,,way
"Clara Snellingsstraat",,,,way
Cliviastraat,,,,way
Cobdenstraat,,,,way
Cockerillkaai,,,,relation
Cockerillplaats,,,,way
Coeveltstraat,,,,way
Cogels-Osylei,,,,relation+way
Cogelsplein,,,,way
Collegelaan,,,,way
Colmastraat,,,,way
Columbiastraat,,,,way
"Commandant Van Laethemstraat",,,,way
"Commandant Weynsstraat",,,,way
Compaensstraat,,,,way
Condorlaan,,,,way
Confortalei,,,,way
Congobootstraat,,,,way
Congresstraat,,,,way
"Constant De Jongstraat",,,,way
"Constant Jordaenslaan",,,,way
"Constant Jorislaan",,,,way
"Constantia Teichmannplaats",,,,way
Constitutiestraat,,,,way
Conterscherp,,,,relation+way
Coöperatielaan,,,,way
Coppenolstraat,,,,way
Corbletstraat,,,,way
Coremansstraat,,,,way
"Corneel Franckstraat",,,,way
"Corneel Jaspersstraat",,,,way
"Corneel Van Reethstraat",,,,way
"Corneel Vermijlenlaan",,,,way
"Cornelis Dyckstratelaan",,,,way
"Cornelis Schutstraat",,,,way
Cornelissenlaan,,,,way
"Cornelius Broeckxstraat",,,,way
Cornellielaan,,,,way
Coveliersstraat,,,,way
Coxplein,,,,way
Crauwelengang,,,,way
Cronjéstraat,,,,way
Cruyslei,,,,way
Cuperusstraat,,,,way
Cuylitsstraat,,,,way
D'Urselstraat,,,,way
Daenenstraat,,,,way
Dageraadplaats,,,,relation+way
Dahliastraat,,,,way
Dalkruidlaan,,,,way
Dambruggestraat,,,,way
Damhertenlaan,,,,way
Damplein,,,,relation+way
"Daniël Baginierlaan",,,,way
"Daniël Herreynslaan",,,,way
Dascottelei,,,,way
Dassastraat,,,,way
"De Bergen",,,,way
"De Berlaimontstraat",,,,way
"De Beuckerstraat",,,,way
"De Biezen",,,,way
"De Bisthovenlei",,,,way
"De Boeystraat",,,,way
"De Borrekensstraat",,,,way
"De Bosschaertstraat",,,,way
"De Brierstraat",,,,way
"De Brouwerstraat",,,,way
"De Bruynlaan",,,,way
"De Burletlaan",,,,relation+way
"De Costerstraat",,,,way
"De Fourneaustraat",,,,way
"De Francqueslei",,,,way
"De Gilmanstraat",,,,way
"De Gryspeerstraat",,,,way
"De Heemlaan",,,,relation
"De Hertstraat",,,,way
"De Keyserhoeve",,,,way
"De Kleine Geest",,,,way
"De Leescorfstraat",,,,way
"De Lescluzestraat",,,,way
"De Lunden",,,,way
"De Manstraat",,,,way
"De Marbaixstraat",,,,way
"De Meers",,,,way
"De Montereystraat",,,,way
"De Moystraat",,,,way
"De Nelisplein",,,,way
"De Neufstraat",,,,way
"De Noteschelp",,,,way
"De Oude Landen",,,,way
"De Pretstraat",,,,way
"De Roest d'Alkemadelaan",,,,way
"De Roet",,,,way
"De Rozentuin",,,,way
"De Schans",,,,way
"De Schomme",,,,way
"De Sevillastraat",,,,way
"De Sossastraat",,,,way
"De Vest",,,,relation
"De Villegasstraat",,,,way
"De Violier",,,,way
"De Vlaschaardstraat",,,,way
"De Vréstraat",,,,way
"De Waghemakerestraat",,,,way
"De Waillystraat",,,,way
"De Wilgen",,,,way
"De Winterstraat",,,,way
"De Wittestraat",,,,way
"De baarbeekse dump bergen (MTB)",,,,way
"Deken De Winterstraat",,,,way
"Deken Jozef Lensstraat",,,,way
"Deken Jozef de Meusstraat",,,,way
Delacenseriestraat,,,,way
Delareystraat,,,,way
Delftstraat,,,,way
Delinstraat,,,,way
"Della Faillelaan",,,,relation+way
Delvastraat,,,,way
Demerstraat,,,,way
"Den Brem",,,,way
"Den Geer",,,,way
Dendermondestraat,,,,way
Dennenlaan,,,,relation+way
Derdeweg,,,,way
Deurnestraat,,,,way
Deurnsebaan,,,,way
Diamantstraat,,,,way
Dianalaan,,,,relation
Dichtersstraat,,,,way
"Diepe Roet",,,,way
Diepestraat,,,,way
Diercxsensstraat,,,,way
Dijkgraaflaan,,,,way
Dijkstraat,,,,way
Dijlestraat,,,,way
Diksmuidelaan,,,,relation+way
Dillesstraat,,,,way
Dinantstraat,,,,way
Distelhoek,,,,way
Distelpad,,,,way
Distelvinklaan,,,,way
"Doctor Decrolystraat",,,,way
Doelhofstraat,,,,way
Doggenlaan,,,,way
"Dokter Coenstraat",,,,way
"Dokter Donnyplein",,,,way
"Dokter Emiel Van Dammestraat",,,,way
"Dokter Flemingstraat",,,,way
"Dokter Jenner straat",,,,way
"Dokter Jennerstraat",,,,way
"Dokter Kochlaan",,,,way
"Dokter Maurice Timmermanslaan",,,,way
"Dokter Van Raesstraat",,,,way
"Dokter Veeckmanslaan",,,,way
"Dokter Verhoevenstraat",,,,way
Dolfijnstraat,,,,way
Dominicanenstraat,,,,way
Donkweg,,,,way
"Door Verstraeteplaats",,,,way
Doornelei,,,,way
Doornstraat,,,,way
Dopheidestraat,,,,way
Dordrechtlaan,,,,way
Dorpsbeekstraat,,,,way
Dorpstraat,,,,way
Doverstraat,,,,way
Draaiboomstraat,,,,way
Draaiboomveld,,,,way
Draakplaats,,,,way
Draakstraat,,,,way
Dragondersstraat,,,,way
Drakenhoflaan,,,,way
"Drie Bunderweg",,,,way
Driehespenstraat,,,,way
Driehoekstraat,,,,way
Driekoningenstraat,,,,way
Dries,,,,way
Driesnellenstraat,,,,way
Drink,,,,way
Drogedokstraat,,,,way
Droogdokkenweg,,,,way
Drossaardplein,,,,way
Drossaardstraat,,,,way
Druivenstraat,,,,way
Drukkerijstraat,,,,way
Drukpersstraat,,,,way
Drummondstraat,,,,way
"Du Chastellei",,,,way
"Du Montstraat",,,,way
Dublinstraat,,,,way
Duboisstraat,,,,way
Duinsteeg,,,,way
Duinstraat,,,,way
Duivelshoekweg,,,,way
Duivelshofstraat,,,,way
Durletstraat,,,,way
Duvelshoek,,,,way
Dwarslaan,,,,way
Dynamicalaan,,,,way
Edegemsesteenweg,,,,relation+way
Edelvalklaan,,,,way
Edenlaan,,,,way
Edenplein,,,,way
"Edgar Tinelstraat",,,,way
"Edgard Casteleinstraat",,,,way
Edisonlaan,,,,way
"Edmond Cretsstraat",,,,way
"Edward Caertsstraat",,,,way
Eekhoornlaan,,,,relation+way
Eendrachtstraat,,,,way
Eendstraat,,,,way
Eenheidstraat,,,,way
Eggestraat,,,,way
"Egied Segerslaan",,,,way
Eglantierlaan,,,,relation+way
Eiermarkt,,,,way
Eigenheerdstraat,,,,way
Eikblokstraat,,,,way
Eikelstraat,,,,way
Eikenlei,,,,way
Eikenstraat,,,,way
"Ekerse Steenweg",,,,way
Ekersedijk,,,,way
Ekersesteenweg,,,,way
Ekerseveldslagstraat,,,,way
Eksterlaar,,,,way
Eksterlaarpad,,,,way
Elektronikalaan,,,,way
Elfnovemberstraat,,,,way
Eliaertsstraat,,,,way
Elsblok,,,,way
Elsdonklaan,,,,relation+way
Elsenstraat,,,,way
Elststraat,,,,way
Elzasweg,,,,way
Elzenhoutstraat,,,,way
Emdenweg,,,,way
Emelinusstraat,,,,way
"Emiel Gebruersstraat",,,,way
"Emiel Lemineurstraat",,,,way
"Emiel Vanderveldestraat",,,,way
"Emiel de Harvenstraat",,,,way
"Emile Thielenspad",,,,way
"Emile Verhaerenlaan",,,,way
"Emmanuel Rollierstraat",,,,way
Engelenweg,,,,way
"Engelse Beurs",,,,way
Engelselei,,,,way
Entrepotkaai,,,,way
Entrepotplaats,,,,way
"Ergo-de Waellaan",,,,way
"Eric Sasselaan",,,,way
"Ernest Claesstraat",,,,way
Ertbruggelaan,,,,relation+way
Erwtebloemstraat,,,,way
Erwtenstraat,,,,way
Esdoorndreef,,,,way
Eshagenbos,,,,way
Esmoreitlaan,,,,relation
Essenstraat,,,,way
Ettenhovendijkweg,,,,way
"Eugeen Fahylaan",,,,way
"Eugeen Meeusstraat",,,,way
"Eugeen Verbiststraat",,,,way
"Eugène Hendrickxstraat",,,,way
Europalaan,,,,way
Euterpestraat,,,,way
Evenakkerpad,,,,way
Everaertsstraat,,,,way
Everdijstraat,,,,way
Examenstraat,,,,way
Eyendijkstraat,,,,way
Fakkelstraat,,,,way
Falconplein,,,,way
Falconpoort,,,,way
Falconrui,,,,way
Familiestraat,,,,way
Fazantenlaan,,,,relation
"Ferdinand Berckmansstraat",,,,way
"Ferdinand Coosemansstraat",,,,way
Ferdinandusdijkstraat,,,,way
Ferdinanduspolder,,,,way
"Fietsbrug IJzerlaan",,,,way
"Fietsostrade Ekeren - Luchtbal",,,,way
"Filip Williotstraat",,,,way
Filomenastraat,,,,way
"Finse Piste Galgenweel",,,,way
"Firmin Mortierstraat",,,,way
Flamingolaan,,,,relation
Flamingoplein,,,,way
Flamingostraat,,,,way
"Flor Alpaertsstraat",,,,way
"Flor van Reethpad",,,,way
Floralaan,,,,way
Floraliënlaan,,,,way
Florastraat,,,,way
"Florent Bauduinstraat",,,,way
"Florent Cootmansplein",,,,way
"Florent Pauwelslei",,,,way
Florisstraat,,,,way
Fodderiestraat,,,,way
"Folke Bernadottelaan",,,,way
Folklorelaan,,,,way
Fonteinstraat,,,,way
"Fort 7-straat",,,,way
"Fort III straat",,,,way
"Fort VI-straat",,,,way
Fortpad,,,,way
Fortsteenweg,,,,way
Fortuinstraat,,,,way
Fotografielaan,,,,way
"Francis Wellesplein",,,,way
Franciscanenstraat,,,,way
Franckenstraat,,,,way
"Frank Craeybeckxlaan",,,,way
Frankrijklei,,,,way
"Frans Adriaenssensstraat",,,,way
"Frans Baetenstraat",,,,way
"Frans Beckersstraat",,,,way
"Frans Beirenslaan",,,,way
"Frans Birontlaan",,,,way
"Frans Brandsstraat",,,,way
"Frans Bresseleersstraat",,,,way
"Frans Buyensstraat",,,,way
"Frans De Cortlaan",,,,way
"Frans De Manstraat",,,,way
"Frans Erlingerstraat",,,,way
"Frans Gaillystraat",,,,way
"Frans Harrewijnlaan",,,,way
"Frans Lenaertsstraat",,,,way
"Frans Messingstraat",,,,way
"Frans Nagelsplein",,,,way
"Frans Smekensstraat",,,,way
"Frans Standaertlei",,,,way
"Frans Stienletlaan",,,,way
"Frans Tijsmanstunnel",,,,way
"Frans Van Dijckstraat",,,,way
"Frans Van Heymbeecklaan",,,,way
"Frans Van Hombeeckstraat",,,,way
"Frans Versmissenlaan",,,,way
"Frans de Cortstraat",,,,way
"Frans de l'Arbrelaan",,,,way
"Frans van Dunlaan",,,,way
Fransenplaats,,,,way
"Freddy Damsstraat",,,,way
"Fredegandus Van Rielstraat",,,,way
"Frederik van Eedenplein",,,,way
Frederik-Hendrikbrug,,,,way
Frederik-Hendrikstraat,,,,way
Fregatstraat,,,,relation
Frieslandstraat,,,,way
Fromentinstraat,,,,way
Fruithoflaan,,,,way
Gabriëllastraat,,,,way
Gagelveldenstraat,,,,way
Galgenweellaan,,,,way
Galjoenstraat,,,,way
Gallaitlaan,,,,way
Galliardstraat,,,,way
Gallifortlei,,,,way
Gandhilaan,,,,way
Gansrijdersstraat,,,,way
Gansstraat,,,,way
Ganzemate,,,,way
Ganzendries,,,,way
"Garden Citylaan",,,,way
"Gaspar Antheunisplein",,,,way
"Gaspar Verreyckenstraat",,,,way
Gaspeldoornstraat,,,,way
Gasstraat,,,,way
Gasthuishoevestraat,,,,way
Gasthuistunnel,,,,way
"Gaston Burssenslaan",,,,way
"Gaston Fabrélaan",,,,way
"Gebroeders De Wachterstraat",,,,way
"Gebroeders Leemansstraat",,,,way
"Gebroeders Van Raemdonckstraat",,,,way
Geefsstraat,,,,way
Geelhandplaats,,,,way
Geerbeekstraat,,,,way
Geertshoek,,,,way
Geertshoekpad,,,,way
Geestenspoor,,,,way
Geestheidelaan,,,,way
Geitepad,,,,way
Geleegweg,,,,way
Gelijkheidstraat,,,,way
Geluwestraat,,,,relation
Gemeentestraat,,,,way
Gemzenstraat,,,,way
Genachtenstraat,,,,way
"Generaal Capiaumontstraat",,,,relation
"Generaal De Wetstraat",,,,way
"Generaal Drubbelstraat",,,,way
"Generaal Lemanstraat",,,,way
"Generaal Mahieustraat",,,,way
"Generaal Simondslaan",,,,way
"Generaal Slingeneyerlaan",,,,way
Gentplaats,,,,way
Genuastraat,,,,way
"George Ivanowlaan",,,,way
"Georges Eekhoudlaan",,,,way
Geraniumstraat,,,,way
"Gerardus Stijnenlaan",,,,way
Gerarduslei,,,,way
Germinalstraat,,,,way
Geuzenstraat,,,,way
Ghyselshoek,,,,way
Gierstraat,,,,way
"Gijsbrecht van Deurnelaan",,,,way
Gijselsstraat,,,,way
Gijzelaarsstraat,,,,way
Gildekamersstraat,,,,way
Gildestraat,,,,way
"Gillis Damaesstraat",,,,way
"Gillis Van Biervlietstraat",,,,way
"Gillis Verdonckstraat",,,,way
Gillisplaats,,,,way
Giraffenplein,,,,way
Giststraat,,,,way
Gitschotellei,,,,way
Gladiolusstraat,,,,way
Glasgowstraat,,,,way
Glasstraat,,,,way
Gloriantlaan,,,,relation+way
Godshuisstraat,,,,way
Godtsstraat,,,,way
Goedehoopstraat,,,,way
Goedendagstraat,,,,way
Goedetijdstraat,,,,way
Golfstraat,,,,way
Gorsstraat,,,,way
Gorterstraat,,,,way
Goteborgweg,,,,way
Goudbloemstraat,,,,way
Goudenregenlaan,,,,way
Goudhoekstraat,,,,way
Goudvinklaan,,,,relation
Gounodstraat,,,,way
Graanmarkt,,,,way
Graanstraat,,,,way
Gramayestraat,,,,way
Granaatstraat,,,,way
Grapheusstraat,,,,way
Grasbloemstraat,,,,way
Grasmuslaan,,,,way
Graspolderlaan,,,,way
Gratiekapelstraat,,,,way
Gravenlaan,,,,way
Gravinstraat,,,,way
Greinstraat,,,,way
Grensbeeklaan,,,,way
Grensstraat,,,,way
"Griffier Schobbenslaan",,,,way
Griffinstraat,,,,way
Grijsdijk,,,,way
Grimsbystraat,,,,way
"Groen Neerland",,,,way
Groendalstraat,,,,way
Groenenborgerlaan,,,,relation+way
Groenendaallaan,,,,way
Groenenhoekstraat,,,,way
Groeningerplein,,,,way
Groenkerkhofstraat,,,,way
Groenplaats,,,,relation+way
Groenstraat,,,,way
"Groot Hagelkruis",,,,way
Grootveld,,,,way
"Grote Goddaard",,,,way
"Grote Hoek",,,,way
"Grote Kauwenberg",,,,way
"Grote Koraalberg",,,,way
"Grote Kraaiwijk",,,,way
"Grote Markt",,,,relation+way
"Grote Pieter Potstraat",,,,way
"Grote Stoppelbergen",,,,way
"Grote Weide",,,,way
Grotebaan,,,,way
Grotebeerstraat,,,,way
Grotehondstraat,,,,way
Grotesteenweg,,,,way
Gruisweg,,,,way
Gudrunlaan,,,,way
Guicciardinistraat,,,,way
Guldenberg,,,,way
Guldensporenstraat,,,,way
Guldenvliesstraat,,,,way
"Gustaaf Garittestraat",,,,way
"Gustaaf Wappersstraat",,,,way
Gyselsstraatje,,,,way
Haachtstraat,,,,relation
Haagbeuklei,,,,way
Haagdoornlaan,,,,way
Haakakkerpad,,,,way
Haantjeslei,,,,way
Haarstraat,,,,way
Hadewijchstraat,,,,way
Hagedoornlaan,,,,relation
Hagelandstraat,,,,way
Hagelberg,,,,way
Hagepredikerspad,,,,way
Haïfastraat,,,,way
Halenstraat,,,,way
Halewijnlaan,,,,way
Halfmaanpleintje,,,,way
Halfmanengang,,,,way
Halifaxstraat,,,,way
Hallershofstraat,,,,way
Halmaelshof,,,,way
Halvemaanstraat,,,,way
Hamburgstraat,,,,way
Hamerplaats,,,,way
Hamerstraat,,,,way
Haminastraat,,,,way
Handboogstraat,,,,way
Handelsteeg,,,,way
Handelstraat,,,,way
Handschoenmarkt,,,,way
Hanegraefstraat,,,,way
"Hans van Mildertplein",,,,way
Hanzestedenplaats,,,,way
Happaertstraat,,,,way
Hardenvoort,,,,way
Haringrodestraat,,,,way
Harinkvelden,,,,way
Harmoniepark,,,,way
Harmoniestraat,,,,way
"Harold Rosherstraat",,,,way
Haspengouwstraat,,,,way
Havanastraat,,,,way
"Haven Lillo",,,,way
Havenmarkt,,,,relation
Havenweg,,,,way
Haverloosveld,,,,way
Haverstraat,,,,way
Haviklaan,,,,way
Hazelarenstraat,,,,way
Hazelnootlei,,,,way
"Heer Van Bergenstraat",,,,way
Heesterbos,,,,way
Heiblokken,,,,way
Heidestraat,,,,way
"Heilig Hartstraat",,,,way
"Heilige Geeststraat",,,,way
Heiligeputstraat,,,,way
Heirmanstraat,,,,way
Heistraat,,,,way
Heizegemweg,,,,way
Heldenplein,,,,way
Helderstraat,,,,way
Helenalei,,,,way
Helmstraat,,,,way
Hemelstraat,,,,way
"Hendrik Kanorastraat",,,,way
"Hendrik Marckstraat",,,,way
"Hendrik Meyslaan",,,,way
"Hendrik Van Uffelslaan",,,,way
"Hendrik van Boutersemstraat",,,,way
"Hendrik van Veldekestraat",,,,way
Hendriklei,,,,way
Hennepstraat,,,,way
"Henri Dunantstraat",,,,way
"Henri La Fontainestraat",,,,way
"Henri Prostlaan",,,,way
"Henry Fordlaan",,,,way
Herautenlaan,,,,way
Herculusstraat,,,,way
Herderinstraat,,,,way
Herderstraat,,,,way
Herenpolderbrug,,,,way
Herenpolderlaan,,,,way
Herentalsebaan,,,,way
"Herman Van den Reeckstraat",,,,way
Hermelijnstraat,,,,way
Herrystraat,,,,way
Hertogenlaan,,,,way
Hertoginstraat,,,,way
Hertoglei,,,,way
Hertsdeinstraat,,,,way
Hertstraat,,,,way
Hessenbrug,,,,way
Hessenplein,,,,way
Hessenstraatje,,,,way
"Het Meuleken",,,,way
"Het Prieel",,,,way
"Het Werfke",,,,way
Hindenstraat,,,,way
Hobeuchemstraat,,,,way
Hockeystraat,,,,way
Hodonk,,,,way
Hoefbladstraat,,,,way
Hoeklaan,,,,way
"Hof Nieles",,,,way
"Hof Van Camp",,,,way
"Hof Van Tichelen",,,,way
"Hof ter Bekestraat",,,,way
"Hof ter Elst",,,,way
"Hof ter Groenstraat",,,,way
"Hof ter Heidelaan",,,,way
"Hof ter Lo",,,,way
"Hof ter Schriecklaan",,,,way
"Hof van Delftlaan",,,,way
"Hof van Mols",,,,way
Hofstadestraat,,,,way
Hofstraat,,,,way
Hoge-Aardstraat,,,,way
Hogeweg,,,,way
"Hollandse Dreef",,,,way
Hollandseweg,,,,way
Hollandstraat,,,,way
Hollebeekstraat,,,,way
Hondurasstraat,,,,way
Hoofdfrontweg,,,,way
Hoofdkerkstraat,,,,way
Hooftvunderlei,,,,way
Hoogpadlaan,,,,way
Hoogstraat,,,,relation
Hoogveld,,,,way
Hooimate,,,,way
Hooipolderlaan,,,,way
Hoornstraat,,,,way
Hopland,,,,way
"Hortensia Sillisplein",,,,way
Hortensiastraat,,,,way
Hospitaalplein,,,,way
Houstonstraat,,,,way
Houtdok-Noordkaai,,,,way
Houtdok-Zuidkaai,,,,way
Houtemstraat,,,,relation
Houtenbrug,,,,way
Houthulststraat,,,,way
Houwerstraat,,,,way
Hoveniersstraat,,,,way
"Hugo van Craenhovestraat",,,,way
Huidevettersstraat,,,,way
Huikstraat,,,,way
Huisblokstraat,,,,way
Huisveld,,,,way
Hulkstraat,,,,way
Hulststraat,,,,way
Hydeparkstraat,,,,way
IJskelderstraat,,,,way
IJsvogelstraat,,,,way
"IJzeren Rijn",,,,way
IJzerenpoortkaai,,,,way
IJzerenwaag,,,,way
IJzerenwegstraat,,,,relation
IJzerlaan,,,,way
Ibisstraat,,,,way
Iepenlaan,,,,way
Iepermanlei,,,,way
Ieperstraat,,,,way
Imalsoplein,,,,way
Indiëstraat,,,,way
Industrielaan,,,,way
Industrieweg,,,,way
Infirmerieplein,,,,way
Ingberthoeveweg,,,,way
Irislei,,,,way
Israëlietenstraat,,,,way
Italiëlei,,,,way
"Jaak Coveliersstraat",,,,way
"Jaak Schram Plantsoen",,,,way
Jachthavenweg,,,,way
Jachtlaan,,,,relation+way
Jagerspad,,,,way
Jagersstraat,,,,way
"Jan Bielstraat",,,,way
"Jan Blockxstraat",,,,relation
"Jan Borluutplein",,,,relation+way
"Jan Brochovenstraat",,,,way
"Jan De Graefstraat",,,,way
"Jan De Groofstraat",,,,way
"Jan Janssensstraat",,,,way
"Jan Ligthartplein",,,,way
"Jan Moorkensstraat",,,,way
"Jan Peetersstraat",,,,way
"Jan Romeostraat",,,,way
"Jan Samynlaan",,,,way
"Jan Van Canlaan",,,,way
"Jan Welterslaan",,,,way
"Jan Ympijnstraat",,,,way
"Jan de Cordesstraat",,,,way
"Jan van Brabantlaan",,,,relation
"Jan van Gentstraat",,,,way
"Jan van Glimesstraat",,,,way
"Jan van Heelulaan",,,,relation
"Jan van Lierstraat",,,,way
"Jan van Parijsstraat",,,,way
"Jan van de Wervelaan",,,,way
Jasmijnstraat,,,,way
"Jean Louis Cautreelslaan",,,,relation
"Jef Geeraertsplein",,,,way
"Jef Lambeauxstraat",,,,way
Jennevalstraat,,,,way
"Jeroom Beckstraat",,,,way
Jeruzalemstraat,,,,way
Jezuïetendreef,,,,way
Jezuïetenlaan,,,,relation
Jezuïetenrui,,,,way
Joannasteeg,,,,way
Jodenstraat,,,,way
"Johan Jongkindstraat",,,,way
"Jonker van der Nootstraat",,,,way
"Joos Robijnslei",,,,way
"Joos van den Steenelei",,,,way
Joossensgang,,,,way
"Joost van Vlaanderenlaan",,,,way
Joostplaats,,,,way
"Joris Van Spilbergenstraat",,,,way
"Jos Claessensstraat",,,,way
"Jos Craeybeckxlaan",,,,way
"Jos De Ceulaerdestraat",,,,way
"Jos Hendrickxstraat",,,,way
"Jos Op De Beecklaan",,,,way
"Jos Ratinckxstraat",,,,way
"Jos Scheurweghstraat",,,,way
"Jos Van Geellaan",,,,way
"Josée Nicolastraat",,,,way
"Joseph Deckerslaan",,,,way
"Joseph Hermansdreef",,,,way
"Joseph Wuytslaan",,,,way
"Josephina De Bakker-Breugelmansstraat",,,,way
"Jozef Aertssensstraat",,,,way
"Jozef Buerbaumstraat",,,,way
"Jozef Cardijnstraat",,,,way
"Jozef Copstraat",,,,way
"Jozef De Bomstraat",,,,way
"Jozef De Costerstraat",,,,way
"Jozef De Weerdtstraat",,,,way
"Jozef Hermanslei",,,,way
"Jozef Hertogslaan",,,,relation
"Jozef Ickxstraat",,,,way
"Jozef Kenneslei",,,,way
"Jozef Leemanslaan",,,,way
"Jozef Libertstraat",,,,way
"Jozef Mulsstraat",,,,way
"Jozef Nellenslei",,,,way
"Jozef Paulypad",,,,way
"Jozef Posenaerstraat",,,,way
"Jozef Stormsstraat",,,,way
"Jozef Van Gansenstraat",,,,way
"Jozef Van Poppelstraat",,,,way
"Jozef Verbovenlei",,,,way
"Jozef Voetlaan",,,,way
"Jozef Wautersstraat",,,,way
"Jules Baeckelmanslaan",,,,way
"Jules Moretuslei",,,,way
"Jules Pauwelsstraat",,,,way
"Jules Steursstraat",,,,way
"Jules Van Beylenstraat",,,,way
"Julien Douwsstraat",,,,way
"Julius De Geyterstraat",,,,way
"Julius Vuylstekelaan",,,,relation+way
Junostraat,,,,way
Jupiterstraat,,,,way
Justitiestraat,,,,way
"Juul Persijnstraat",,,,way
Kaarderstraat,,,,way
Kaasbrug,,,,way
Kaaskamerlaan,,,,way
Kaasrui,,,,way
Kaasstraat,,,,way
Kalkstraat,,,,way
Kalmthoutsebaan,,,,way
Kalverstraat,,,,way
Kalverveld,,,,way
Kambalastraat,,,,way
Kammenstraat,,,,way
Kampioenstraat,,,,way
Kannekenslaan,,,,way
Kanoetstraat,,,,way
"Kanunnik Peetersstraat",,,,way
Kanunnikenstraat,,,,way
Kapelsesteenweg,,,,way
Kapelstraat,,,,way
Kapittelstraat,,,,way
Kapucinessenstraat,,,,way
Kardelaan,,,,way
"Karel De Wintstraat",,,,way
"Karel Govaertsstraat",,,,way
"Karel Janssensstraat",,,,way
"Karel Meyvisstraat",,,,way
"Karel Palmsstraat",,,,way
"Karel Seclefstraat",,,,way
"Karel Van Overmeirelaan",,,,way
"Karel Verbistpad",,,,way
"Karel Weylerstraat",,,,way
"Karel du Boislaan",,,,way
Karmelietenstraat,,,,way
Karreveld,,,,way
Kartuizersstraat,,,,way
Karveelstraat,,,,way
Kastanjeboomplein,,,,way
Kastanjedreef,,,,way
Kastanjelaan,,,,relation
Kasteelpleinstraat,,,,way
Kasteelstraat,,,,way
Kasteleinlaan,,,,way
Kastelweg,,,,way
Kasterveldenstraat,,,,way
Kattenberg,,,,way
Kattendijkbrug,,,,way
Kattendijkdok,,,,way
Kattendijkdok-Oostkaai,,,,way
Kattendijkdok-Westkaai,,,,way
Kattenstraat,,,,way
Katwilgweg,,,,way
Kauwenstein,,,,way
Kauwenstraatje,,,,way
Kazerneplein,,,,way
Keesinglaan,,,,way
Keistraat,,,,way
Keizershoevestraat,,,,way
Keizerstraat,,,,relation
Kelderstraat,,,,way
Kemmelberggang,,,,way
Kemmelbergstraat,,,,way
Kempenlandstraat,,,,way
"Kempisch Plein",,,,way
Kempischdok-Oostkaai,,,,way
Kempischdok-Westkaai,,,,way
Kempischdok-Zuidkaai,,,,way
Kerkelei,,,,way
Kerkendijk,,,,way
Kerkepad,,,,way
Kerkeveldlaan,,,,way
Kerkeveldstraat,,,,way
Kerkhofblommenstraat,,,,way
Kerkhofstraat,,,,way
Kerkhofweg,,,,way
Kerkstraat,,,,way
Kern,,,,way
Kernenergiestraat,,,,way
Kersbeekstraat,,,,way
Kerseboomlei,,,,way
Ketelhof,,,,way
Ketelstraat,,,,way
Ketsstraat,,,,way
Keurelaan,,,,way
Keyserstraatje,,,,way
Kielpark,,,,way
Kielplein,,,,relation+way
Kielsbroek,,,,way
Kielsevest,,,,way
Kielzoglaan,,,,way
Kievitplein,,,,way
Kiliaanstraat,,,,way
Kilstraat,,,,way
Kioskplaats,,,,way
Kipdorp,,,,way
Kipdorpbrug,,,,way
Kipdorpvest,,,,way
Kistemaeckersstraat,,,,way
Klamperstraat,,,,way
Klapdorp,,,,way
Klappeistraat,,,,way
Klaproosstraat,,,,way
Klauwaardsstraat,,,,way
Klaverbladdreef,,,,way
Klaverbloemstraat,,,,way
Klaverstraat,,,,way
Klaverveldenlaan,,,,way
"Klein Beemdeke",,,,way
"Klein Hagelkruis",,,,way
"Klein Heiken",,,,way
"Klein Hoefken",,,,way
"Klein Zuidland",,,,way
"Kleine Bredestraat",,,,way
"Kleine Doornstraat",,,,way
"Kleine Goddaard",,,,way
"Kleine Kauwenberg",,,,way
"Kleine Koraalberg",,,,way
"Kleine Kraaiwijk",,,,way
"Kleine Markt",,,,way
"Kleine Pieter Potstraat",,,,way
"Kleine Stoppelbergen",,,,way
Kleinebeerstraat,,,,way
Kleinehondstraat,,,,way
Kleinesteenweg,,,,way
Kleinheidestraat,,,,way
Klerkenstraat,,,,way
Klipperstraat,,,,way
Klipstraat,,,,way
Klokstraat,,,,way
Kloosterstraat,,,,way
Kluisdijk,,,,way
Kluislaan,,,,way
Kluizeveldenstraat,,,,way
Knyffstraat,,,,way
Koeikensgracht,,,,way
Koeleweg,,,,way
Koepoortbrug,,,,way
Koggelaan,,,,way
Kolibriestraat,,,,way
Kollebloemstraat,,,,way
"Kolonel Harrystraat",,,,way
"Kolonel Silvertopstraat",,,,way
"Kolonel Slaterplein",,,,way
Kolveniersstraat,,,,way
Komedieplaats,,,,way
Komiteitstraat,,,,way
Kommekensstraat,,,,way
Kommershoek,,,,way
Konijnenberg,,,,way
Konijnendreef,,,,way
Konijnenstraat,,,,way
Koninginnestraat,,,,way
Koningsarendlaan,,,,way
Koningstraat,,,,way
Koninklijkelaan,,,,way
Koolhofstraat,,,,way
Koolkaai,,,,way
Koolstraat,,,,way
Koordekenshoef,,,,way
Koornbloemplein,,,,way
Koornbloemstraat,,,,way
Kopstraatje,,,,way
Koraalplaats,,,,way
Koralenbos,,,,way
Korenstraat,,,,way
"Korte Achteromstraat",,,,way
"Korte Altaarstraat",,,,way
"Korte Beeldekensstraat",,,,way
"Korte Bist",,,,way
"Korte Bremstraat",,,,way
"Korte Brilstraat",,,,way
"Korte Bunt",,,,way
"Korte Dijkstraat",,,,way
"Korte Doornikstraat",,,,way
"Korte Gasthuisstraat",,,,way
"Korte Herentalsestraat",,,,way
"Korte Hollebeekstraat",,,,way
"Korte Klarenstraat",,,,way
"Korte Koepoortstraat",,,,way
"Korte Kongostraat",,,,way
"Korte Leemstraat",,,,way
"Korte Lobroekstraat",,,,way
"Korte Lozanastraat",,,,way
"Korte Nieuwstraat",,,,way
"Korte Noordstraat",,,,way
"Korte Pastoorstraat",,,,way
"Korte Riddersstraat",,,,way
"Korte Schipperskapelstraat",,,,way
"Korte Scholiersstraat",,,,way
"Korte Sint-Annastraat",,,,way
"Korte Sint-Rochusstraat",,,,way
"Korte Slachterijstraat",,,,way
"Korte Sterrestraat",,,,way
"Korte Stuivenbergstraat",,,,way
"Korte Van Bloerstraat",,,,way
"Korte Van Peltstraat",,,,way
"Korte Van Sterbeeckstraat",,,,way
"Korte Vlierstraat",,,,way
"Korte Wielenstraat",,,,way
"Korte Winkelhaakstraat",,,,way
"Korte Winkelstraat",,,,way
"Korte Zavelstraat",,,,way
"Korte Zeevaartstraat",,,,way
"Korte ridderstraat",,,,way
Kortemarkstraat,,,,relation
Kortestraat,,,,way
Kortrijkstraat,,,,way
Kotterstraat,,,,way
Koudebeekstraat,,,,way
Kouter,,,,way
Kouwerheide,,,,way
Koxplein,,,,way
Kraaienberg,,,,way
Kraakstraat,,,,way
Krabbenstraat,,,,way
Kragenweg,,,,way
Kreeftstraat,,,,way
Kreglingerstraat,,,,way
Krekelstraat,,,,way
Kretenborglaan,,,,way
Kribbestraat,,,,way
Kriekeboomlei,,,,way
Kriekenstraat,,,,way
Krijgsbaan,,,,way
Krijgslaan,,,,way
Krijtstraat,,,,way
Krokusstraat,,,,way
Kromme-Elleboogstraat,,,,way
Krommestraat,,,,way
Krommeweg,,,,way
Kronenburgstraat,,,,way
Kroonplein,,,,way
Kroonstraat,,,,way
Krugerbrug,,,,way
Krugerplein,,,,way
Krugerstraat,,,,way
Kruidenlaan,,,,way
Kruikstraat,,,,way
Kruiningenstraat,,,,way
Kruisbaanvelden,,,,way
Kruisbekstraat,,,,way
Kruisboogstraat,,,,way
Kruisbos,,,,way
Kruishofstraat,,,,relation+way
Kruisschansbrug,,,,way
Kruisschansweg,,,,way
Kruisweg,,,,way
Kuipersstraat,,,,way
Kwadeveldenplein,,,,way
Kwadeveldenstraat,,,,way
Kwartelstraat,,,,way
Kwekerijstraat,,,,way
Kwikstaartlaan,,,,relation
Kwikstaartstraat,,,,way
"La Esterellastraat",,,,way
Laageind,,,,way
Laaglandlaan,,,,way
Laaglandweg,,,,way
Laar,,,,way
Laarbekestraat,,,,way
Laarsebaan,,,,way
Laarstraat,,,,way
Laathoflaan,,,,way
Lageweg,,,,way
Lakborslei,,,,way
Lakenstraat,,,,way
Lakweg,,,,way
"Lambert Briesstraat",,,,way
Lambrechtshoekenlaan,,,,way
Lambrechtsstraat,,,,way
Lammekensraamveld,,,,way
Lammekensstraat,,,,way
Lammergierstraat,,,,way
Landbouwstraat,,,,way
Langbaanvelden,,,,way
"Lange Achteromstraat",,,,way
"Lange Altaarstraat",,,,way
"Lange Batterijstraat",,,,way
"Lange Beeldekensstraat",,,,way
"Lange Bremstraat",,,,way
"Lange Brilstraat",,,,way
"Lange Dijkstraat",,,,way
"Lange Doornikstraat",,,,way
"Lange Elzenstraat",,,,way
"Lange Gasthuisstraat",,,,way
"Lange Herentalsestraat",,,,way
"Lange Kievitstraat",,,,way
"Lange Klarenstraat",,,,way
"Lange Koepoortstraat",,,,way
"Lange Kongostraat",,,,way
"Lange Leemstraat",,,,way
"Lange Lobroekstraat",,,,way
"Lange Lozanastraat",,,,way
"Lange Nieuwstraat",,,,way
"Lange Noordstraat",,,,way
"Lange Pastoorstraat",,,,way
"Lange Riddersstraat",,,,way
"Lange Schipperskapelstraat",,,,way
"Lange Scholiersstraat",,,,way
"Lange Sint-Annastraat",,,,way
"Lange Slachterijstraat",,,,way
"Lange Sterrestraat",,,,way
"Lange Stuivenbergstraat",,,,way
"Lange Van Bloerstraat",,,,way
"Lange Van Sterbeeckstraat",,,,way
"Lange Vlierstraat",,,,way
"Lange Winkelhaakstraat",,,,way
"Lange Winkelstraat",,,,way
"Lange Zavelstraat",,,,way
Langegang,,,,way
Langemarkstraat,,,,relation
Langendries,,,,way
Langeweg,,,,way
Langstraat,,,,way
Langveld,,,,way
Langveldstraat,,,,way
Lankveldpad,,,,way
Lansstraat,,,,way
Lanteernhofstraat,,,,way
Lappersbrug,,,,way
"Laurentia Poststraat",,,,way
Laurierstraat,,,,way
Lavendelstraat,,,,way
"Le Corbusierlaan",,,,relation
Lebaudystraat,,,,way
Ledeganckkaai,,,,way
Ledeganckstraat,,,,way
Leegepad,,,,way
Leemputstraat,,,,way
Leemputtelaarbaan,,,,way
Leerhoeklaan,,,,way
Leerkens,,,,way
Leerwijk,,,,way
"Leeuw van Vlaanderenstraat",,,,way
Leeuwenstraat,,,,way
Leeuwerikstraat,,,,way
Leeuwlantstraat,,,,way
Legendestraat,,,,way
Legerstraat,,,,way
Leguit,,,,way
Leiebos,,,,way
Leigrachtlaan,,,,way
Leliënlaan,,,,way
Lelieplaats,,,,way
Lemméstraat,,,,relation
"Lenaart de Landrelaan",,,,way
Leningstraat,,,,way
Lentestraat,,,,way
"Leo Baekelandstraat",,,,way
"Leo J. Krynlaan",,,,way
"Leo Vermandellei",,,,way
"Leon Bonnetweg",,,,way
"Leon Stampelaan",,,,way
"Léon Stynenstraat",,,,way
"Leonie Glassplein",,,,way
"Leopold De Vriesstraat",,,,way
"Leopold Gilislaan",,,,way
"Leopold de Waelstraat",,,,way
Leopoldplaats,,,,way
Lepelaarstraat,,,,way
Letterkundestraat,,,,way
Leugenberg,,,,way
Leysstraat,,,,relation+way
"Liane Bruylantlaan",,,,way
Lichtenberglaan,,,,way
Lichterweg,,,,way
Liefkenshoektunnel,,,,way
Lievevrouwkesbosweg,,,,way
Lijnwaadmarkt,,,,way
Lijsterbeslei,,,,way
Lijsterlaan,,,,way
Lillobrug,,,,way
Limaplein,,,,way
Limastraat,,,,way
Limbastraat,,,,way
Limburgstraat,,,,way
Lindeboomplein,,,,way
Lindeboomstraat,,,,way
Lindendreef,,,,way
Lindenlei,,,,way
Linnaeusstraat,,,,way
Liverpoollaan,,,,way
"Lode Brionstraat",,,,way
"Lode Sellaan",,,,way
"Lode Vissenaekenstraat",,,,way
"Lode Zielenslaan",,,,way
"Lode de Boninghestraat",,,,way
"Lodewijk Andersonstraat",,,,way
"Lodewijk De Koninckstraat",,,,way
"Lodewijk Ontropstraat",,,,way
"Lodewijk Van Sullstraat",,,,way
"Lodewijk van Velthemlaan",,,,relation
Lokkaardstraat,,,,way
Lombardenstraat,,,,way
Lombardenvest,,,,way
Londenbrug,,,,way
Londenstraat,,,,relation+way
Loodglansstraat,,,,way
Loosplaats,,,,way
Lorkenlaan,,,,way
Lotusstraat,,,,way
"Louis Francklaan",,,,way
"Louis Frarynlaan",,,,way
"Louis Janssenslaan",,,,way
"Louis Kieboomsstraat",,,,way
"Louis Mastplein",,,,way
"Louis Paul Boonstraat",,,,way
"Louis Straussstraat",,,,way
"Louis Van Craenstraat",,,,way
"Louis Wanbecqstraat",,,,way
Louisalei,,,,way
Louizaplaats,,,,way
Lübeckweg,,,,way
"Lucas Henninckstraat",,,,way
Luchthavenlei,,,,way
Luchtvaartstraat,,,,way
"Ludwig Burchardstraat",,,,way
Luikstraat,,,,way
Luisbekelaar,,,,way
"Luitenant Naeyaertplein",,,,way
Luithagen-Haven,,,,way
Luithagenlaan,,,,way
Lumbeeckstraat,,,,way
Lundenstraat,,,,way
Lupinestraat,,,,way
Luxemburgstraat,,,,way
Lysenstraat,,,,way
Maalbootstraat,,,,way
Maalderijstraat,,,,way
Maaldersstraat,,,,way
Maanstraat,,,,way
Maantjessteenweg,,,,way
"Maarschalk Montgomerylaan",,,,way
Maasstraat,,,,way
Maatschappijstraat,,,,way
Maatsstraat,,,,way
Maatsweg,,,,way
"Mac Leodplein",,,,way
Maccabilaan,,,,way
Madeliefjeslaan,,,,way
Madeliefjesstraat,,,,way
Madonnakoer,,,,way
Madrasstraat,,,,way
Magnoliadreef,,,,way
"Majoor Maelfaitplein",,,,way
Makelarenplaats,,,,way
Malachietstraat,,,,way
Malagastraat,,,,way
Malisgoed,,,,way
Malooshof,,,,way
Maloustraat,,,,way
Manchesterlaan,,,,way
Manebruggestraat,,,,way
Mannheimweg,,,,way
Marathonstraat,,,,way
"Marcel Auburtinlaan",,,,way
Marconistraat,,,,way
Maréestraat,,,,way
Margrietlaan,,,,way
"Marguerie Schuilhaven",,,,way
"Maria Claessensplein",,,,way
"Maria Louisa Gheysstraat",,,,way
"Maria Meerbergenstraat-De Visserstraat",,,,way
"Maria Pijpelincxstraat",,,,way
"Maria Telkesstraat",,,,way
"Maria Van De Weygaertstraat",,,,way
"Maria Van Genechten - Hauquierstraat",,,,way
"Maria de Heeltstraat",,,,way
Marialei,,,,way
Marinisstraat,,,,way
Markgravelei,,,,relation+way
Markgravestraat,,,,relation
Markiezenhof,,,,way
Markt,,,,way
"Marleen Van Ouytselstraat",,,,way
Marneflaan,,,,way
Marsstraat,,,,way
Martinussteeg,,,,way
Mastplein,,,,way
Mastweg,,,,way
Matigheidstraat,,,,way
"Mattheus Corvensstraat",,,,way
"Maurice Dequeeckerplein",,,,way
"Maurice Leytensstraat",,,,way
"Maurice Serletstraat",,,,way
"Maurice Verbaetsteeg",,,,way
Mauroystraat,,,,way
Mechanicalaan,,,,way
Mechelsebrug,,,,way
Mechelseplein,,,,way
Mechelsesteenweg,,,,way
Mediaplein,,,,way
Meereigen,,,,way
Meerlenhoflaan,,,,way
Meerlenlaan,,,,relation
Meestoofbrug,,,,way
Meetingstraat,,,,way
Meetjeslandstraat,,,,way
Meeuwenhoflei,,,,way
Meeuwenlaan,,,,way
Meeuwenplein,,,,way
Meeuwenstraat,,,,way
Meeuwstraat,,,,way
Meibeemd,,,,way
Meibloemstraat,,,,way
Meierhoek,,,,way
Meir,,,,relation
Meirbrug,,,,way
Meistraat,,,,way
Melgesdreef,,,,way
"Melis Stokelaan",,,,relation
Melkmarkt,,,,way
Mellaertsstraat,,,,way
Mellinetplein,,,,way
Meloenstraat,,,,way
Menegemlei,,,,way
Merantistraat,,,,way
Merksemheidelaan,,,,way
Merksemsesteenweg,,,,way
Merksemsestraat,,,,way
"Mertens en Torfsstraat",,,,way
Mertensstraat,,,,way
Mexicobruggen,,,,way
Mexicoplein,,,,way
Mexicostraat,,,,way
Meyersstraat,,,,way
Mezenlaan,,,,relation
"Michel Geysemansstraat",,,,way
"Michel Willemslaan",,,,way
"Michel Willemsplein",,,,way
"Michel de Braey straat",,,,way
Micheletstraat,,,,way
"Michiel De Swaenstraat",,,,way
"Michiel Melynstraat",,,,way
Michiganstraat,,,,way
Middelburgstraat,,,,way
Middelheimlaan,,,,way
Middelmolenlaan,,,,way
Middelsteveld,,,,way
Mimosastraat,,,,way
Minderbroedersrui,,,,way
Minderbroedersstraat,,,,way
"Minister Delbekelaan",,,,way
"Minister Schollaertstraat",,,,way
Miraeusstraat,,,,way
"Moeder SAROV-straat",,,,way
Moerbezielei,,,,way
Moerdijklaan,,,,way
Moerelei,,,,way
Moerenhoutlaan,,,,way
Moerstraat,,,,way
Moeshofstraat,,,,way
Mogendhedenlaan,,,,way
Molenaarstraat,,,,way
Molenakker,,,,way
Molenbergstraat,,,,way
Moleneind,,,,way
Molenlei,,,,way
Molenstraat,,,,way
Molenveld,,,,way
Monnikenhofstraat,,,,way
Monnikenplein,,,,way
Monnikspad,,,,way
Montebellostraat,,,,way
Montensstraat,,,,way
Montessoristraat,,,,way
Montevideostraat,,,,way
Montignystraat,,,,way
Montrealstraat,,,,way
Moonsstraat,,,,way
Moorsledestraat,,,,relation
Morckhovenlei,,,,way
Moretuslei,,,,way
Moretusstraat,,,,way
Morgenstraat,,,,way
Moriaanstraat,,,,way
Moriaanstraatje,,,,way
Mortselsesteenweg,,,,way
Mouterijsteeg,,,,way
Mozartstraat,,,,way
Muggenberglei,,,,way
Muggepad,,,,way
Muisbroeklaan,,,,way
Muizenstraat,,,,way
Mulhouselaan-Noord,,,,way
Mulhouselaan-Zuid,,,,way
Multatuliplein,,,,way
Munsterstraat,,,,way
Munthof,,,,way
Muntstraat,,,,way
Museumstraat,,,,way
Mutsaardstraat,,,,way
NSB-straat,,,,way
Nachtegaallaan,,,,way
Nachtegaalstraat,,,,way
Naftaweg,,,,way
Najaarstraat,,,,way
Namenstraat,,,,way
Napelsstraat,,,,way
Narcisstraat,,,,way
Narvikstraat,,,,way
Nassaubrug,,,,way
Nassaustraat,,,,way
Natiestraat,,,,way
Nationalestraat,,,,way
Neefsteeg,,,,way
"Neel Dofflaan",,,,way
Neerbiest,,,,way
Neerhoefstraat,,,,way
Neerhofstraat,,,,way
Neerlandweg,,,,way
Neptunusstraat,,,,way
Nerviërsstraat,,,,way
"New Yorkkaai",,,,way
Niedernhausenlaan,,,,way
Niellonstraat,,,,way
Nietweg,,,,way
Nieuwdreef,,,,way
"Nieuwe Dijk",,,,way
"Nieuwe Donk",,,,way
"Nieuwe Gaanderij",,,,way
"Nieuwe Gang",,,,way
"Nieuwe Hoeve",,,,way
"Nieuwe Westweg",,,,way
Nieuwelandenweg,,,,way
Nieuwpoortkaai,,,,way
Nieuwstad,,,,way
Nijverheidslei,,,,way
Nijverheidstraat,,,,way
Nikkelstraat,,,,way
Noorderlaan,,,,way
Noorderplaats,,,,way
Noordersingel,,,,way
Noordkaai,,,,way
Noordkasteel-Oost,,,,way
Noordkasteel-Zuid,,,,way
Noordkasteelbruggen,,,,way
Noordland,,,,relation+way
Noordpad,,,,way
Noordpoterne,,,,way
Noordscheldeweg,,,,way
Noordschippersdok,,,,way
Norbertijnenstraat,,,,way
Nosestraat,,,,way
Notelaarlaan,,,,way
Notelaarstraat,,,,way
Nottebohmstraat,,,,way
Oever,,,,way
Offerandestraat,,,,way
Olieslagerijstraat,,,,way
Olieweg,,,,way
Olijftakstraat,,,,way
"Olivier Brunelstraat",,,,way
Olmenbrug,,,,way
Olmenlaan,,,,relation
"Olympiade poort",,,,way
"Omheining der Statie van Borgerhout",,,,way
Ommeganckstraat,,,,way
Omwentelingstraat,,,,way
Onafhankelijkheidslaan,,,,way
Onderwijsstraat,,,,way
Onderwijzersstraat,,,,way
"Onze Lieve Vrouw Middelarespad",,,,way
Oogststraat,,,,way
Ooievaarsnest,,,,way
Ooievaarstraat,,,,way
Oorderseweg,,,,way
Oortbroek,,,,way
"Oostelijke Schelderijnweg",,,,way
Oostendekaai,,,,way
Oostendestraat,,,,way
Oostenstraat,,,,way
Oostergeest,,,,way
Oosterlinckhoflaan,,,,way
Oosterveldlaan,,,,relation+way
Oosterweelbrug,,,,way
Oosterweelsteenweg,,,,way
Oostkaai,,,,way
Oostmolengeest,,,,way
Oostpad,,,,way
Oostpoterne,,,,way
Operaplein,,,,relation+way
Oppergaaistraat,,,,way
Optimiststraat,,,,way
Oranjestraat,,,,way
Orchideeënstraat,,,,way
Ordamdijkweg,,,,way
Ordamstraat,,,,way
Orgelstraat,,,,way
"Oscar De Gruyterlaan",,,,way
Ossenblokstraat,,,,way
Ossenmarkt,,,,way
Otterstraat,,,,way
Oudaan,,,,way
"Oude Beurs",,,,way
"Oude Bosuilbaan",,,,way
"Oude Kleiputpad",,,,way
"Oude Koornmarkt",,,,relation
"Oude Papenstraat",,,,way
"Oude Veer",,,,way
"Oude Waag",,,,way
Oudebaan,,,,way
Oudebareellei,,,,way
Oudebroeksestraat,,,,way
Oudedijkweg,,,,way
Oudedonklaan,,,,way
Oudehofstraat,,,,way
Oudekerkstraat,,,,way
Oudeleeuwenrui,,,,way
Oudemansstraat,,,,way
Oudendijkbrug,,,,way
Oudesteenweg,,,,way
Oudestraat,,,,way
Oudevaartplaats,,,,way
Oudkasteelplein,,,,way
Oudstrijderslaan,,,,way
Oudstrijderslei,,,,way
Oudstrijdersstraat,,,,way
Ouland,,,,way
Overhout,,,,way
Oversneslaan,,,,way
Overwinningstraat,,,,way
Paardebloemlaan,,,,way
Paardenmarkt,,,,way
Paasbloemstraat,,,,way
Pachthoevelaan,,,,way
Pachthofplein,,,,way
Pachtstraat,,,,way
Pacificatiestraat,,,,way
Pagelaan,,,,way
Paleisstraat,,,,way
Palinckstraat,,,,way
Palingbrug,,,,way
Pallieterstraat,,,,way
Palmanshoevestraat,,,,way
Palmenlaan,,,,relation
Pandstraat,,,,way
Papaverlei,,,,way
Papaverstraat,,,,way
Papegaailaan,,,,way
Papenstraatje,,,,way
Papeweg,,,,way
Paradeplein,,,,way
Paradijsstraat,,,,way
"Park Spoor Noord",,,,way
Parkbrug,,,,way
Parkhelling,,,,way
Parklaan,,,,way
Parkweg,,,,way
Parochiaanstraat,,,,way
Passage,,,,way
Passendalestraat,,,,relation+way
"Passerelle Schijnpoort",,,,way
"Pastoor Baeyensstraat",,,,way
"Pastoor Bampsstraat",,,,way
"Pastoor Bauwenslaan",,,,way
"Pastoor Campensstraat",,,,way
"Pastoor De Conincklaan",,,,way
"Pastoor De Vosstraat",,,,way
"Pastoor Goetschalckxstraat",,,,way
"Pastoor Holthofplein",,,,way
"Pastoor Pauwelsplein",,,,way
"Pastoor Schattenstraat",,,,way
"Pastoor Van de Wouwerstraat",,,,way
"Pastoor Verlindenstraat",,,,way
"Pastoor Visschersplein",,,,way
Pastorijstraat,,,,way
Pastorijveld,,,,way
"Pater Pirestraat",,,,way
"Pater Strackestraat",,,,way
"Pater Verbiststraat",,,,way
Paternosterstraat,,,,way
Patrijsstraat,,,,way
Patriottenstraat,,,,way
Patronaatstraat,,,,way
"Paul Henri Spaaklaan",,,,way
"Paul Housmansstraat",,,,way
"Paul Lebeaustraat",,,,way
"Paul Vekemanslaan",,,,way
Pauwenlaan,,,,way
Pauwstraat,,,,way
Paviljoenlaan,,,,way
Peerboomveld,,,,way
Pelgrimstraat,,,,way
Pelikaanstraat,,,,way
Perckhoevelaan,,,,way
Perenstraat,,,,way
Perustraat,,,,way
Pervijzestraat,,,,relation
Pestalozzistraat,,,,way
Pesthofstraat,,,,way
"Peter Benoitlaan",,,,way
"Peter Van Yperweg",,,,way
Peterseliestraat,,,,way
Petroleumkaai,,,,way
"Petrus De Beuckelaerlaan",,,,way
Petunialei,,,,way
Philadelphiastraat,,,,way
Piep-in-'t-Riet,,,,way
Pierebeekstraat,,,,way
Pierenbergstraat,,,,way
"Pierre Van den Eedenstraat",,,,way
"Pierre van Gehuchtenstraat",,,,way
"Pieter Coeckelaan",,,,way
"Pieter Corbeelstraat",,,,way
"Pieter De Ridderstraat",,,,way
"Pieter De Smethstraat",,,,way
"Pieter Doorlantlaan",,,,relation
"Pieter Van Passenstraat",,,,way
"Pieter Verbertstraat",,,,way
"Pieter van Hobokenstraat",,,,way
Pijlstraat,,,,way
Pinguïnstraat,,,,way
Pinksterbloemlaan,,,,way
Pioenstraat,,,,way
Pionierstraat,,,,way
"Pip Woutersplein",,,,way
Piraeusstraat,,,,way
"Pius X-plein",,,,way
Plaatsnijdersstraat,,,,way
Planetariumlaan,,,,way
Plankenbergstraat,,,,way
"Plantin en Moretuslei",,,,way
Platanenlaan,,,,way
Platijnweellaan,,,,way
Ploegsteertplein,,,,relation
Ploegstraat,,,,way
Pluvierstraat,,,,way
"Pol de Montstraat",,,,way
Polderdijkweg,,,,way
Polderplein,,,,way
Poldervlietweg,,,,way
Politeshofstraat,,,,way
Pollepelstraat,,,,way
Polostraat,,,,way
Polygoonstraat,,,,way
Pompoenstraat,,,,way
Pompstraat,,,,way
"Ponton 't Steen",,,,relation
Poorthoflaan,,,,way
Pootersstraat,,,,way
Populierenlaan,,,,way
Portostraat,,,,way
Portugesestraat,,,,way
Posthofbrug,,,,way
Posthoflei,,,,way
Poststraat,,,,way
Potgieterstraat,,,,way
Pothoekstraat,,,,way
Potpolderweg,,,,way
Pottenbrug,,,,way
Pottershofstraat,,,,way
Potvlietlaan,,,,way
Pourbusstraat,,,,way
Predikerinnenstraat,,,,way
Predikherenbos,,,,way
Prekersstraat,,,,way
Prelatenstraat,,,,way
Pretoriastraat,,,,relation
Prieelstraat,,,,way
Primeurstraat,,,,way
Primulalei,,,,way
"Prins Albert lei",,,,way
"Prins Albertlei",,,,way
"Prins Alexanderlaan",,,,way
"Prins Karellaan",,,,relation+way
"Prinses Joséphine Charlottelaan",,,,way
Prinsesstraat,,,,way
Prinshoeveweg,,,,way
Prinsstraat,,,,way
"Professor Claraplein",,,,way
"Professor Piccardlaan",,,,relation
"Professor Van den Wildenberglaan",,,,way
"Prosper De Witstraat",,,,way
"Prosper van Langendonckstraat",,,,way
Provinciestraat,,,,way
Pruynenstraat,,,,relation
Puihoek,,,,way
Pulhoflaan,,,,way
Putsebaan,,,,relation+way
Quebecstraat,,,,way
Quellinstraat,,,,way
Raafstraat,,,,way
Raapakker,,,,way
Raapstraat,,,,way
Raasplein,,,,way
Ramskapellestraat,,,,relation
Ramstraat,,,,way
Rangoonstraat,,,,way
Ranststraat,,,,way
"Raoul Gregoirplein",,,,way
Ravelsbergstraat,,,,way
Rechtestraat,,,,way
"Rector Vermeylenlaan",,,,way
Rederijkersstraat,,,,way
Reeboklaan,,,,way
Regenbooglei,,,,way
Regentstraat,,,,way
Reigersbosdreef,,,,way
Reigershoek,,,,way
Reigerstraat,,,,way
Reinaartlaan,,,,way
Reizigersstraat,,,,way
Remershoek,,,,way
Renbaanweg,,,,way
Rendierstraat,,,,way
"René Bosiersstraat",,,,way
"René Carelsstraat",,,,way
"René Heylenstraat",,,,way
"René Kerssestraat",,,,way
Repenstraat,,,,way
"Rerum Novarumlaan",,,,way
Resedastraat,,,,way
Restringenlaan,,,,way
Reuzenpoort,,,,way
Reuzenstraat,,,,way
Reyndersstraat,,,,relation
Richardstraat,,,,way
"Ridder van Parijsstraat",,,,way
Ridderveld,,,,way
Riemstraat,,,,relation+way
Rietakker,,,,way
Rietbank,,,,way
Rietschoorvelden,,,,way
Rietstraat,,,,way
Rietzangerslaan,,,,relation
Rigastraat,,,,way
Rijfstraat,,,,way
"Rijke Beukelaarstraat",,,,way
Rijkenhoek,,,,way
Rijnkaai,,,,way
Rijnpoortvest,,,,way
Rijstweg,,,,way
"Rik Sauterstraat",,,,way
Ringfietspad,,,,way
Ringlaan,,,,way
"Robert Bossaertsstraat",,,,way
"Robert Broeckhovestraat",,,,way
"Robert Schumanlaan",,,,way
"Rode Weel",,,,way
Rodekruislaan,,,,way
Rodekruisplein,,,,way
Rodeloopstraat,,,,way
Roderveldlaan,,,,relation+way
Rodestraat,,,,way
Roederdelft,,,,way
Roekstraat,,,,way
Roerdompstraat,,,,way
Roggestraat,,,,way
"Roland Verhavertpad",,,,way
Rolwagenstraat,,,,way
"Romain Looymansstraat",,,,way
Romeynsweel,,,,way
Roodborstlaan,,,,way
Roodenbekehoek,,,,way
Rooi,,,,way
Rooiboslaan,,,,way
Rooilaan,,,,way
Rooiplein,,,,way
Rosdijkweg,,,,way
"Rose Grononstraat",,,,way
Rosenstraat,,,,way
Rosier,,,,way
Roskamgang,,,,way
Rostockweg,,,,way
Rotterdamstraat,,,,way
"Rouaanse Kaai",,,,way
Royaertstraat,,,,way
Rozehoevepad,,,,way
Rozelaarlei,,,,way
Rozemaaiveld,,,,way
Rozenkransplein,,,,way
Rozenstraat,,,,way
Rucaplein,,,,way
Ruckersplaats,,,,way
Ruggeveldbrug,,,,way
"Ruige Heide",,,,way
Ruimtevaartlaan,,,,way
Runcvoort,,,,way
Rupelstraat,,,,way
Rustoordstraat,,,,way
Ruytenburgstraat,,,,relation+way
Ruytermansweg,,,,way
Ryenlanddreef,,,,way
Rysheuvelsstraat,,,,way
Salaadweg,,,,way
Salesianenlaan,,,,way
Salm-Salmstraat,,,,way
"Salvador Allendestraat",,,,way
Salvialei,,,,way
Samberstraat,,,,way
Sandersstraatje,,,,way
Santiagostraat,,,,way
Santvoortbeeklaan,,,,way
Saturnusstraat,,,,way
Saucierstraat,,,,way
Schaafstraat,,,,way
Schaapskooi,,,,way
"Schaar van Ouden Doel",,,,relation
Schaffenstraat,,,,relation
Schaliemolenstraat,,,,way
Schaliënstraat,,,,way
Schamelhoutstraat,,,,way
Schansstraat,,,,way
Schansweg,,,,way
Schapenstraat,,,,way
Scheepswerfstraat,,,,way
Scheibeekstraat,,,,way
Scheidingstraat,,,,way
Scheidreef,,,,way
Scheirlinckxstraat,,,,way
Scheldeken,,,,way
Scheldelaan,,,,way
Scheldelei,,,,way
Scheldestraat,,,,relation+way
Scheldetunnel,,,,way
Scheldevrijstraat,,,,way
Schelpstraat,,,,way
Schemerlandlaan,,,,way
Schengenplein,,,,way
Schenkeldijk,,,,way
Schepelstraat,,,,way
Schepersveldlei,,,,way
Schermersstraat,,,,way
Scheurweg,,,,way
Schijfstraat,,,,way
Schijfwerpersstraat,,,,way
Schijnpoortweg,,,,way
Schildersstraat,,,,way
Schildstraat,,,,way
Schillerstraat,,,,way
Schindestraat,,,,way
Schippersstraat,,,,way
Schoenmakersstraat,,,,way
Schoenmarkt,,,,way
Schoenstraat,,,,way
Schoggestraat,,,,way
Schomhoeveweg,,,,way
Schomstraat,,,,way
Schoolstraat,,,,way
Schoonakker,,,,way
Schoonakkerpad,,,,way
Schoonbroek,,,,way
Schoonselhoflei,,,,way
Schoonselstraat,,,,way
Schoordijk,,,,way
Schorpioenstraat,,,,way
Schorrelaan,,,,way
Schotensesteenweg,,,,way
Schoutlaan,,,,way
Schouwkensstraat,,,,way
Schouwvegerstraat,,,,way
Schoytestraat,,,,way
Schriek,,,,way
Schrijnwerkersstraat,,,,way
Schroeilaan,,,,way
Schroeiweg,,,,way
Schulstraat,,,,way
Schupstraat,,,,way
Schutstraat,,,,way
Schuttershofstraat,,,,way
Schuurveldlaan,,,,way
Seattlestraat,,,,way
"Secretaris Meyerlei",,,,way
Selderstraat,,,,way
Sentensteeg,,,,way
"Seraphin de Grootestraat",,,,way
Sergeyselsstraat,,,,way
Serigiersstraat,,,,way
Seringenlaan,,,,relation
Siberiastraat,,,,way
Sijsstraat,,,,way
Silsburgstraat,,,,way
Singaporestraat,,,,way
Singel,,,,way
Sint-Andriesplaats,,,,way
Sint-Andriesstraat,,,,way
Sint-Annastrand,,,,way
Sint-Annatunnel,,,,way
Sint-Antoniusstraat,,,,way
Sint-Augustinuslaan,,,,relation
Sint-Bartholomeusstraat,,,,way
Sint-Bavostraat,,,,way
Sint-Bernardsesteenweg,,,,way
Sint-Camillusstraat,,,,way
Sint-Catharinaplein,,,,way
Sint-Catharinasteeg,,,,way
Sint-Elisabethstraat,,,,way
Sint-Erasmusstraat,,,,way
Sint-Franciscusplein,,,,way
Sint-Fredegandusstraat,,,,way
Sint-Gummarusstraat,,,,way
Sint-Jacobsmarkt,,,,way
Sint-Jacobstraat,,,,way
"Sint-Jan Baptiststraat",,,,way
"Sint-Jan Vianneystraat",,,,way
Sint-Jansplein,,,,relation+way
Sint-Janstraat,,,,way
Sint-Jansvliet,,,,way
"Sint-Joannes Berchmansstraat",,,,way
Sint-Jobstraat,,,,way
Sint-Jorispoort,,,,way
Sint-Jozefstraat,,,,way
Sint-Katelijnevest,,,,way
Sint-Lambertusstraat,,,,way
Sint-Laureiskaai,,,,way
Sint-Laureisstraat,,,,way
Sint-Lucaslaan,,,,way
Sint-Lucasstraat,,,,way
Sint-Lutgardisstraat,,,,way
Sint-Maartenstraat,,,,way
Sint-Michielskaai,,,,way
Sint-Michielstraat,,,,way
Sint-Nicolaasplaats,,,,way
Sint-Norbertusstraat,,,,way
Sint-Pauluspad,,,,way
Sint-Paulusplaats,,,,way
Sint-Paulusstraat,,,,relation
Sint-Pieter-en-Paulusstraat,,,,way
Sint-Pieterstraat,,,,way
Sint-Pietersvliet,,,,way
Sint-Sebastiaanstraat,,,,way
Sint-Theresiastraat,,,,way
Sint-Thomasstraat,,,,way
Sint-Vincentiusstraat,,,,way
Slachthuislaan,,,,way
Sleeckxstraat,,,,way
Sleutelbloemstraat,,,,way
Sleutelstraat,,,,way
Slijkweg,,,,way
Sloepenweg,,,,way
Sluisstraat,,,,way
Sluitberg,,,,way
Smallandlaan,,,,way
Smallestraat,,,,way
Smalleweg,,,,way
Smedenstraat,,,,way
Smetsstraat,,,,way
Smidseweg,,,,way
Smokkelpad,,,,way
Smyrnaplaats,,,,way
Sneeuwbeslaan,,,,way
Sneeuwbesstraat,,,,way
Snellekreekstraat,,,,way
Snijdersstraat,,,,way
Solferinostraat,,,,way
Solftplaats,,,,way
Solftstraat,,,,way
Solvynsstraat,,,,way
Somméstraat,,,,way
Sorbenlaan,,,,relation
Spaailand,,,,way
Spaansemolenstraat,,,,relation
Spaarstraat,,,,way
Spanjaardsteeg,,,,way
Spanjepandsteeg,,,,way
Sparrenstraat,,,,way
Speelpleinstraat,,,,way
Speerstraat,,,,way
Sperwerlaan,,,,way
Spillemansstraat,,,,way
Spinnakerlaan,,,,way
Spitsenstraat,,,,way
Spoorstraat,,,,way
Spoorweglaan,,,,relation+way
Spoorwegstraat,,,,way
Sporthalplein,,,,way
Sportstraat,,,,way
Sprangweelstraat,,,,way
Spreeuwenstraat,,,,way
Stabroeksebaan,,,,way
Stadhouderslaan,,,,way
Stadionstraat,,,,way
Stadswaag,,,,way
Stalinsstraat,,,,way
Standbeeldstraat,,,,way
Standonklaan,,,,way
"Stanislas Leclefstraat",,,,way
Stanleystraat,,,,way
Statielei,,,,way
Steegsken,,,,way
Steenbergstraat,,,,way
Steenbokstraat,,,,way
Steenborgerweert,,,,way
Steenhouwersvest,,,,way
Steenlandlaan,,,,way
Steenovenstraat,,,,way
Steenplein,,,,way
Steenstraat,,,,way
Steerveldstraat,,,,way
"Stella Marisstraat",,,,way
Stenenbrug,,,,way
Sterckshoflei,,,,way
Sterlingerstraat,,,,way
Sterrenborgstraat,,,,way
Sterrenlaan,,,,relation+way
Sterstraat,,,,way
Stevenslei,,,,way
Steynstraat,,,,way
Steytelincklei,,,,way
Stierstraat,,,,way
Stijfselrui,,,,way
Stijfselstraat,,,,way
Stijgbeugelstraat,,,,way
Stockmansstraat,,,,way
Stoelstraat,,,,way
Stoofstraat,,,,way
Stoomstraat,,,,way
Stoopstraat,,,,way
Straalstraat,,,,way
"Straat F3",,,,way
Straatsburgbrug,,,,way
Straatsburgdok-Noordkaai,,,,way
Straatsburgdok-Zuidkaai,,,,way
Stralsundweg,,,,way
Strengen,,,,way
Strijdhoflaan,,,,way
Strobloemstraat,,,,way
Stroomstraat,,,,way
Struisbeeklaan,,,,way
Struisvogelstraat,,,,way
Struycxgoed,,,,way
Stuivekenskerkestraat,,,,way
Stuivenbergplein,,,,way
Successiestraat,,,,way
Sudermanstraat,,,,way
Suikerrui,,,,relation+way
Suikervoetpad,,,,way
"Sus Van den Eyndestraat",,,,way
"Suzanne Spanhovenstraat",,,,way
TRO,,,,way
Tabakvest,,,,relation+way
Tabernakelstraat,,,,way
Talinnstraat,,,,way
Tampicoplein,,,,way
Tangehoefstraat,,,,way
Tarwestraat,,,,way
Taxandriastraat,,,,way
"Te Boelaarlei",,,,way
"Te Boelaarpark",,,,way
"Te Couwelaarlei",,,,way
Teichmannstraat,,,,way
Telefoonstraat,,,,way
Tempelstraat,,,,way
"Ten Eekhovelei",,,,way
"Ten Hoge",,,,way
"Ten Nessestraat",,,,way
Tenneblok,,,,way
Tennisstraat,,,,way
Tentoonstellingslaan,,,,way
"Ter Heydelaan",,,,way
"Ter Nieuwerbrugge",,,,way
"Ter Rivierenhof",,,,way
"Ter Rivierenlaan",,,,way
Terbekehofdreef,,,,way
Terlinckstraat,,,,way
Terlindenhofstraat,,,,way
Terliststraat,,,,way
Terloplein,,,,relation
Terlostraat,,,,way
Terninckgang,,,,way
Terninckstraat,,,,way
Theaterplein,,,,way
"Theophiel Roucourtstraat",,,,way
Thibautstraat,,,,way
Thisiusstraat,,,,way
Thonetlaan,,,,way
Tien-Gebodensteeg,,,,way
Tiendenstraat,,,,way
"Tijl Uilenspiegellaan",,,,relation
Tijsmanstunnel-West,,,,way
Timmerwerfstraat,,,,way
Tirinusstraat,,,,way
Tirstraat,,,,way
Titanstraat,,,,way
Tjalkstraat,,,,way
Tobesmate,,,,way
Toekomstlaan,,,,way
Toekomststraat,,,,way
Tolhuisstraat,,,,way
Tolstraat,,,,way
Tongerlostraat,,,,way
Toog,,,,way
"Toon Verbraakpad",,,,way
Toonkunststraat,,,,way
Torenblokstraat,,,,way
Torenstraat,,,,way
Torenvalklaan,,,,way
Torfbrug,,,,way
Torremansstraat,,,,way
Touwstraat,,,,way
Traktaatstraat,,,,way
Trammezandlei,,,,way
Tramplein,,,,relation
Transcontinentaalweg,,,,way
Transvaalstraat,,,,relation
Trapstraat,,,,way
Treurenborg,,,,way
Triangel,,,,way
Trompetvogelstraat,,,,way
Troonplaats,,,,way
Troyentenhoflaan,,,,way
Tucherlei,,,,way
Tuinbouwstraat,,,,way
Tulpenlaan,,,,way
Tulpstraat,,,,way
"Tunnel Demerstraat",,,,way
Tunnelplaats,,,,way
Turckstraat,,,,way
Tureluurstraat,,,,way
Turnersstraat,,,,way
Turnhoutsebaan,,,,way
Twaalfmaandenstraat,,,,way
"Twee Netenstraat",,,,way
Tweegezusterslaan,,,,way
Tweekronenstraat,,,,way
Tweelingenstraat,,,,way
Tweemontstraat,,,,way
Uitbreidingstraat,,,,way
Uitspanningstraat,,,,way
Uitzichtspunt,,,,way
Ullenshofstraat,,,,way
Ullensstraat,,,,way
Ulrikstraat,,,,way
Unitaslaan,,,,way
Universiteitsbaan,,,,way
Universiteitsplein,,,,way
Unolaan,,,,way
"Urbain Reniersstraat",,,,way
Utrechtstraat,,,,way
VIIde-Olympiadelaan,,,,way
Vaartdijk,,,,way
Vaartkaai,,,,way
Vaartweg,,,,way
Vaderlandstraat,,,,way
Valaardreef,,,,way
Valaarstraat,,,,way
Valaartunnel,,,,way
Valeriaanstraat,,,,way
Valkenburgstraat,,,,way
Valkenisseweg,,,,way
Valkenputstraat,,,,relation+way
Valkenveld,,,,way
Valkstraat,,,,way
"Van Aerdtstraat",,,,way
"Van Aertselaerstraat",,,,way
"Van Amstelstraat",,,,way
"Van Averbekelaan",,,,relation
"Van Boendalestraat",,,,way
"Van Breestraat",,,,way
"Van Campenhoutstraat",,,,way
"Van Campstraat",,,,way
"Van Cauwelaertbrug",,,,way
"Van Cauwelaertsluis",,,,way
"Van Cortbeemdelei",,,,way
"Van Couwervenstraat",,,,way
"Van Craesbeeckstraat",,,,way
"Van Cuyckstraat",,,,way
"Van Daelstraat",,,,way
"Van De Weyngaertlei",,,,way
"Van De Weyngaertplein",,,,way
"Van Deynsestraat",,,,way
"Van Dornestraat",,,,way
"Van Duyststraat",,,,way
"Van Erstenstraat",,,,way
"Van Ertbornstraat",,,,way
"Van Eycktunnel",,,,way
"Van Geertstraat",,,,way
"Van Gistelstraat",,,,way
"Van Hallestraat",,,,way
"Van Halmalestraat",,,,way
"Van Havrelei",,,,way
"Van Havreplein",,,,way
"Van Heetveldelei",,,,way
"Van Hersbekelei",,,,way
"Van Hersteenstraat",,,,way
"Van Heybeeckstraat",,,,way
"Van Heystveltstraat",,,,way
"Van Hovestraat",,,,way
"Van Immerseelstraat",,,,way
"Van Leentstraat",,,,way
"Van Lissumstraat",,,,way
"Van Loenoutstraat",,,,way
"Van Luppenstraat",,,,way
"Van Maerlantstraat",,,,way
"Van Marsenillestraat",,,,way
"Van Montfortstraat",,,,way
"Van Nevelestraat",,,,way
"Van Notenstraat",,,,way
"Van Peenestraat",,,,way
"Van Peltstraat",,,,way
"Van Praetlei",,,,way
"Van Putlei",,,,way
"Van Reethstraat",,,,way
"Van Reyenstraat",,,,way
"Van Roiestraat",,,,way
"Van Rossumstraat",,,,way
"Van Schoonbekeplein",,,,way
"Van Schoonhovenstraat",,,,way
"Van Spangenstraat",,,,way
"Van Steenlandstraat",,,,way
"Van Stralenlei",,,,way
"Van Strydoncklaan",,,,way
"Van Traynellaan",,,,way
"Van Trierstraat",,,,way
"Van Urselstraat",,,,way
"Van Vaerenberghstraat",,,,way
"Van Varickstraat",,,,way
"Van Veerlehofstraat",,,,way
"Van Waelwijckstraat",,,,way
"Van Weselestraat",,,,way
"Van Wesenbekestraat",,,,way
"Van de Perrelei",,,,way
"Van de Poelstraat",,,,way
"Van de Weyngaardplein",,,,way
"Van de Wouwerstraat",,,,way
"Van den Hautelei",,,,way
"Van der Delftstraat",,,,way
"Van der Keilenstraat",,,,way
"Van der Meydenstraat",,,,way
"Van der Sterrestraat",,,,way
"Van der Sweepstraat",,,,way
Vancouverstraat,,,,way
Vandenpeereboomstraat,,,,way
Varendonckstraat,,,,way
Varenlaan,,,,way
Varkensmarkt,,,,way
Vazallaan,,,,way
Veemarkt,,,,way
Veenbeslaan,,,,way
Veerdamlaan,,,,way
Vekestraat,,,,way
Veldekens,,,,way
Veldstraat,,,,way
Velduilstraat,,,,way
Velodroomstraat,,,,way
Veltwijcklaan,,,,way
Venezuelastraat,,,,way
Venneborglaan,,,,way
Venusstraat,,,,way
Verbindingsdok-Oostkaai,,,,way
Verbindingsdok-Westkaai,,,,way
Verbindingsweg,,,,way
"Verbindingsweg Straatsburgdok-Vosseschijnstraat",,,,way
Verbondstraat,,,,way
Verbrande-Entrepotstraat,,,,way
Verbrandstraatje,,,,way
Vercammenstraat,,,,way
Verdraagzaamheidsplein,,,,way
Verdussenstraat,,,,relation
Verlindenstraat,,,,way
Verschansingstraat,,,,way
Verversrui,,,,way
Verviersstraat,,,,way
Verzoeningstraat,,,,way
Vestinglaan,,,,way
Vestingstraat,,,,way
Veurnekaai,,,,way
"Viaduct van Merksem",,,,way
Viaduct-Dam,,,,way
"Vic Heymanstraat",,,,way
"Vic Meesstraat",,,,way
"Victor De Langhestraat",,,,way
"Victor Govaerslaan",,,,way
"Victor Roosensplein",,,,way
"Victor dela Montagnestraat",,,,way
Vierbunderplein,,,,way
Vierendeelstraat,,,,way
Vierkerkenstraat,,,,way
Vierseizoenenlaan,,,,way
"Vijfde Havendok-Zuidkaai",,,,way
Vijfhoekstraat,,,,way
Vijfkampstraat,,,,way
Vijverlaan,,,,relation+way
Villalaan,,,,way
Villapark,,,,way
"Vincent van Goghplein",,,,relation
Vinçotteplein,,,,relation
Vingerlingstraat,,,,way
Vinkenstraat,,,,way
Vinkenveld,,,,way
Vinkeveldenplein,,,,way
Vinkeveldenstraat,,,,way
Violetstraat,,,,way
Violierstraat,,,,way
Visarendstraat,,,,way
Visputtenhof,,,,way
Visserskaai,,,,way
Vlaaikensgang,,,,way
"Vlaamse kaai",,,,way
Vlaamsekaai,,,,relation+way
Vlaamsekunstlaan,,,,way
Vlaamshoofdlaan,,,,way
Vlaanderenstraat,,,,way
Vlagstraat,,,,way
Vlasmarkt,,,,relation
Vleerakkerstraat,,,,way
Vleeshouwersstraat,,,,way
Vleeshuisstraat,,,,way
Vleminckstraat,,,,way
Vleminckveld,,,,way
Vliegenstraat,,,,way
Vlierveld,,,,way
Vlijtstraat,,,,way
Vlissingenstraat,,,,way
Voetbalstraat,,,,way
Voetboogstraat,,,,way
"Voetgangerstunnel Berchemstadionstraat",,,,way
Vogelkersstraat,,,,way
Vogelzanglaan,,,,relation+way
Volhardingstraat,,,,way
Volkerenlaan,,,,way
Volkstraat,,,,way
Volkstuinlei,,,,way
Vondelstraat,,,,way
Voorjaarstraat,,,,way
Vooruitgangstraat,,,,way
Vooruitzichtstraat,,,,way
Voorzorgstraat,,,,way
Vorsenkweekstraat,,,,way
Vorstenhuislaan,,,,way
Vorstermanstraat,,,,way
Vorsterslaan,,,,way
Vosseschijnstraat,,,,way
Vossestaartstraat,,,,way
Vosstraat,,,,way
Vredestraat,,,,way
Vrieskaai,,,,way
Vrijdagmarkt,,,,way
Vrijdagmarktstraatje,,,,way
Vrijgeweide,,,,way
Vrijhandelstraat,,,,way
Vrijheidstraat,,,,way
Vroenhofstraat,,,,way
Vuurkruisenlaan,,,,way
Vuurkruisenplein,,,,way
Vuurkruisenstraat,,,,way
Vuurkruislaan,,,,way
Vuurkruisplein,,,,way
Vuurmolenstraat,,,,way
Vuurwerkstraat,,,,way
Waaistraat,,,,way
Waalhofstraat,,,,way
Waalsekaai,,,,way
Waarlooshofstraat,,,,way
Waasdonk,,,,way
Waaslandstraat,,,,way
Wachthuisplein,,,,way
Waelrantstraat,,,,way
Waelsedreef,,,,way
"Wake-up Cable waterski club",,,,way
Walemstraat,,,,way
Walenhoek,,,,relation
Walenstraat,,,,way
Walstraat,,,,way
"Walter Scottstraat",,,,way
"Walter Vaesstraat",,,,way
Waltmanstraat,,,,way
Walvisstraat,,,,way
Wambachstraat,,,,way
"Wandel- en fietspad",,,,way
Wandeldijk,,,,way
"Wandelterras Noord",,,,way
"Wandelterras Zuid",,,,way
Wanninkhovelaan,,,,way
Wapenhaghestraat,,,,way
Wapenstilstandlaan,,,,way
Wapenstraat,,,,way
Wapper,,,,relation+way
Wasstraat,,,,way
Waterbaan,,,,way
Waterfordstraat,,,,way
Watergang,,,,way
Waterhoenlaan,,,,way
Waterhoutlaan,,,,way
Waterleliestraat,,,,way
Waterloostraat,,,,relation+way
Watermolenlaan,,,,way
Watersnipstraat,,,,way
Waterstraat,,,,way
Waterstraatje,,,,way
Watervogelplein,,,,way
Waterwilgweg,,,,way
Wattiezplaats,,,,way
Weegbreelaan,,,,way
Weeltjens,,,,way
Weerstandersstraat,,,,way
Weerstandlaan,,,,way
Weggestraat,,,,way
Weide,,,,way
Weidestraat,,,,way
Weilandstraat,,,,way
Welvaartstraat,,,,way
Werbrouckstraat,,,,way
Werkmortel,,,,way
Werkstraat,,,,way
Westeind,,,,way
Westerschelde,,,,relation
Westkaai,,,,way
Westmolengeest,,,,way
Westpad,,,,way
Wetstraat,,,,way
Weversfabriekstraat,,,,way
Weversstraat,,,,way
Weverstraat,,,,way
Wiegstraat,,,,way
Wielewaalstraat,,,,way
Wielrijdersstraat,,,,way
Wielseweg,,,,way
Wijnegemstraat,,,,way
Wijngaardberg,,,,way
Wijngaardbrug,,,,way
Wijngaardstraat,,,,way
Wijnstraat,,,,way
Wijnweg,,,,way
Wildert,,,,way
Wilgehoevestraat,,,,way
Wilgenlaan,,,,way
Wilgenstraat,,,,way
Willebeeklaan,,,,way
"Willem Elsschotstraat",,,,way
"Willem Gijsselsstraat",,,,way
"Willem Klooslaan",,,,relation
"Willem Lepelstraat",,,,way
"Willem Tellstraat",,,,way
"Willem Van Haechtlaan",,,,relation
"Willem Van Laarstraat",,,,way
"William Woodstraat",,,,way
"Willy Staeslei",,,,way
"Willy Vandersteenplein",,,,way
Wilmarsdonkbrug,,,,way
Wilmarsdonksteenweg,,,,way
Wilmarsstraat,,,,way
Wilmingtonstraat,,,,way
Wilrijkstraat,,,,way
Wilsonweg,,,,way
"Wim Saerensplein",,,,way
Wimpelstraat,,,,way
Windhalmstraat,,,,way
Windmolenstraat,,,,way
Windmolenweg,,,,way
Winkelhaakstraat,,,,way
Winkelstap,,,,way
Winterkoningstraat,,,,way
Winterling,,,,way
Wipstraat,,,,way
Wisselstraat,,,,way
Wissenboslaan,,,,way
Witherenstraat,,,,way
Wittestraat,,,,way
Woeringenstraat,,,,way
Wolfbeemdstraat,,,,way
Wolfjagerslei,,,,way
Wolfstraat,,,,way
Wollegrasstraat,,,,way
Wolplein,,,,way
Wolstraat,,,,way
Woningenstraat,,,,way
Woudlaan,,,,relation
"Wouter Dilftlaan",,,,way
"Wouter Haecklaan",,,,way
Wulpstraat,,,,way
Wuytslei,,,,way
Xaveriusstraat,,,,way
Zaanstraat,,,,way
Zaatlaan,,,,way
"Zaha Hadidplein",,,,relation
Zakstraat,,,,way
Zamenhofstraat,,,,way
Zand,,,,way
Zandkamp,,,,way
Zandkeet,,,,way
Zandvlietbrug,,,,way
"Zandvlietse Dorpstraat",,,,relation
"Zandvlietse Varkensmarkt",,,,way
Zandvlietsesteenweg,,,,way
Zandvlietseweg,,,,way
Zandvlietstraat,,,,way
Zandvlietweg,,,,way
Zandvoort,,,,way
Zandweellaan,,,,way
Zandweg,,,,way
Zeearendstraat,,,,way
Zeelandstraat,,,,way
Zeeuwsekoornmarkt,,,,way
Zeevaartstraat,,,,way
Zegelstraat,,,,way
Zegepraalstraat,,,,way
Zeilsportplein,,,,way
Zeilstraat,,,,way
Zendelingenstraat,,,,way
Zevenbergen,,,,way
Zevenbergenlaan,,,,way
Zevensterstraat,,,,way
Zillebekelaan,,,,relation+way
Zilvermeeuwstraat,,,,way
Zilversmidstraat,,,,way
Zilvervosstraat,,,,way
Zinkhoevelaan,,,,way
Zirkstraat,,,,way
Zoetebeekstraat,,,,way
Zomerdijklaan,,,,way
Zomerweg,,,,way
Zonnebloemstraat,,,,way
Zonnedauwstraat,,,,way
Zonnewijzerstraat,,,,way
Zonstraat,,,,way
Zoomweg-Zuid,,,,way
Zorgvlietstraat,,,,way
Zoutedijk,,,,relation
Zoutestraat,,,,relation
Zuidervelodroom,,,,way
Zuidhavendijk,,,,way
Zuidkaai,,,,way
Zuidpad,,,,way
Zuidvest,,,,relation
Zuidweg,,,,way
Zuidwendelaan,,,,way
Zurenborgstraat,,,,way
"Zuster Nathaliestraat",,,,way
"Zusters van Onze-Lieve-Vrouwstraat",,,,way
Zwaantjes,,,,way
Zwaantjeslei,,,,way
Zwaantjespad,,,,way
Zwaantjesstraat,,,,way
Zwaardstraat,,,,way
Zwaluwenlaan,,,,relation
Zwaluwstraat,,,,way
Zwanengang,,,,way
Zwanenlaan,,,,relation
Zwarte-Arendlaan,,,,way
Zwarteleeuwstraat,,,,way
Zwarteweg,,,,way
Zwartzustersstraat,,,,way
Zwedenstraat,,,,way
Zwijgerstraat,,,,way
"de Robianostraat",,,,way
kievitplein,,,,way
lovergang,,,,way
"voetweg 31",,,,way
